group_target_id,puzzle_type,solution_state,Santa Best,Algo solver,puzzle_type_id,solution_state_id
000-000,cube_2/2/2,A;A;A;A;B;B;B;B;C;C;C;C;D;D;D;D;E;E;E;E;F;F;F;F,10.2,10.2,000,0
000-001,cube_2/2/2,A;B;A;B;B;C;B;C;C;D;C;D;D;E;D;E;E;F;E;F;F;A;F;A,11.2,11.2,000,1
000-002,cube_2/2/2,N0;N1;N2;N3;N4;N5;N6;N7;N8;N9;N10;N11;N12;N13;N14;N15;N16;N17;N18;N19;N20;N21;N22;N23,11.0,11.0,000,2
001-000,cube_3/3/3,A;A;A;A;A;A;A;A;A;B;B;B;B;B;B;B;B;B;C;C;C;C;C;C;C;C;C;D;D;D;D;D;D;D;D;D;E;E;E;E;E;E;E;E;E;F;F;F;F;F;F;F;F;F,21.829268292682926,24.21951219512195,001,0
001-001,cube_3/3/3,A;B;A;B;A;B;A;B;A;B;C;B;C;B;C;B;C;B;C;D;C;D;C;D;C;D;C;D;E;D;E;D;E;D;E;D;E;F;E;F;E;F;E;F;E;F;A;F;A;F;A;F;A;F,22.4,31.2,001,1
001-002,cube_3/3/3,N0;N1;N2;N3;N4;N5;N6;N7;N8;N9;N10;N11;N12;N13;N14;N15;N16;N17;N18;N19;N20;N21;N22;N23;N24;N25;N26;N27;N28;N29;N30;N31;N32;N33;N34;N35;N36;N37;N38;N39;N40;N41;N42;N43;N44;N45;N46;N47;N48;N49;N50;N51;N52;N53,22.0,23.714285714285715,001,2
002-000,cube_4/4/4,A;A;A;A;A;A;A;A;A;A;A;A;A;A;A;A;B;B;B;B;B;B;B;B;B;B;B;B;B;B;B;B;C;C;C;C;C;C;C;C;C;C;C;C;C;C;C;C;D;D;D;D;D;D;D;D;D;D;D;D;D;D;D;D;E;E;E;E;E;E;E;E;E;E;E;E;E;E;E;E;F;F;F;F;F;F;F;F;F;F;F;F;F;F;F;F,53.48837209302326,94.0,002,0
002-001,cube_4/4/4,A;B;A;B;A;B;A;B;A;B;A;B;A;B;A;B;B;C;B;C;B;C;B;C;B;C;B;C;B;C;B;C;C;D;C;D;C;D;C;D;C;D;C;D;C;D;C;D;D;E;D;E;D;E;D;E;D;E;D;E;D;E;D;E;E;F;E;F;E;F;E;F;E;F;E;F;E;F;E;F;F;A;F;A;F;A;F;A;F;A;F;A;F;A;F;A,62.25,521.5,002,1
002-002,cube_4/4/4,N0;N1;N2;N3;N4;N5;N6;N7;N8;N9;N10;N11;N12;N13;N14;N15;N16;N17;N18;N19;N20;N21;N22;N23;N24;N25;N26;N27;N28;N29;N30;N31;N32;N33;N34;N35;N36;N37;N38;N39;N40;N41;N42;N43;N44;N45;N46;N47;N48;N49;N50;N51;N52;N53;N54;N55;N56;N57;N58;N59;N60;N61;N62;N63;N64;N65;N66;N67;N68;N69;N70;N71;N72;N73;N74;N75;N76;N77;N78;N79;N80;N81;N82;N83;N84;N85;N86;N87;N88;N89;N90;N91;N92;N93;N94;N95,74.0,493.3333333333333,002,2
003-000,cube_5/5/5,A;A;A;A;A;A;A;A;A;A;A;A;A;A;A;A;A;A;A;A;A;A;A;A;A;B;B;B;B;B;B;B;B;B;B;B;B;B;B;B;B;B;B;B;B;B;B;B;B;B;C;C;C;C;C;C;C;C;C;C;C;C;C;C;C;C;C;C;C;C;C;C;C;C;C;D;D;D;D;D;D;D;D;D;D;D;D;D;D;D;D;D;D;D;D;D;D;D;D;D;E;E;E;E;E;E;E;E;E;E;E;E;E;E;E;E;E;E;E;E;E;E;E;E;E;F;F;F;F;F;F;F;F;F;F;F;F;F;F;F;F;F;F;F;F;F;F;F;F;F,96.57894736842105,176.47368421052633,003,0
003-001,cube_5/5/5,A;B;A;B;A;B;A;B;A;B;A;B;A;B;A;B;A;B;A;B;A;B;A;B;A;B;C;B;C;B;C;B;C;B;C;B;C;B;C;B;C;B;C;B;C;B;C;B;C;B;C;D;C;D;C;D;C;D;C;D;C;D;C;D;C;D;C;D;C;D;C;D;C;D;C;D;E;D;E;D;E;D;E;D;E;D;E;D;E;D;E;D;E;D;E;D;E;D;E;D;E;F;E;F;E;F;E;F;E;F;E;F;E;F;E;F;E;F;E;F;E;F;E;F;E;F;A;F;A;F;A;F;A;F;A;F;A;F;A;F;A;F;A;F;A;F;A;F;A;F,93.2,1413.6,003,1
003-002,cube_5/5/5,N0;N1;N2;N3;N4;N5;N6;N7;N8;N9;N10;N11;N12;N13;N14;N15;N16;N17;N18;N19;N20;N21;N22;N23;N24;N25;N26;N27;N28;N29;N30;N31;N32;N33;N34;N35;N36;N37;N38;N39;N40;N41;N42;N43;N44;N45;N46;N47;N48;N49;N50;N51;N52;N53;N54;N55;N56;N57;N58;N59;N60;N61;N62;N63;N64;N65;N66;N67;N68;N69;N70;N71;N72;N73;N74;N75;N76;N77;N78;N79;N80;N81;N82;N83;N84;N85;N86;N87;N88;N89;N90;N91;N92;N93;N94;N95;N96;N97;N98;N99;N100;N101;N102;N103;N104;N105;N106;N107;N108;N109;N110;N111;N112;N113;N114;N115;N116;N117;N118;N119;N120;N121;N122;N123;N124;N125;N126;N127;N128;N129;N130;N131;N132;N133;N134;N135;N136;N137;N138;N139;N140;N141;N142;N143;N144;N145;N146;N147;N148;N149,115.66666666666667,1594.3333333333333,003,2
004-000,cube_6/6/6,A;A;A;A;A;A;A;A;A;A;A;A;A;A;A;A;A;A;A;A;A;A;A;A;A;A;A;A;A;A;A;A;A;A;A;A;B;B;B;B;B;B;B;B;B;B;B;B;B;B;B;B;B;B;B;B;B;B;B;B;B;B;B;B;B;B;B;B;B;B;B;B;C;C;C;C;C;C;C;C;C;C;C;C;C;C;C;C;C;C;C;C;C;C;C;C;C;C;C;C;C;C;C;C;C;C;C;C;D;D;D;D;D;D;D;D;D;D;D;D;D;D;D;D;D;D;D;D;D;D;D;D;D;D;D;D;D;D;D;D;D;D;D;D;E;E;E;E;E;E;E;E;E;E;E;E;E;E;E;E;E;E;E;E;E;E;E;E;E;E;E;E;E;E;E;E;E;E;E;E;F;F;F;F;F;F;F;F;F;F;F;F;F;F;F;F;F;F;F;F;F;F;F;F;F;F;F;F;F;F;F;F;F;F;F;F,161.0,346.3333333333333,004,0
004-001,cube_6/6/6,A;B;A;B;A;B;A;B;A;B;A;B;A;B;A;B;A;B;A;B;A;B;A;B;A;B;A;B;A;B;A;B;A;B;A;B;B;C;B;C;B;C;B;C;B;C;B;C;B;C;B;C;B;C;B;C;B;C;B;C;B;C;B;C;B;C;B;C;B;C;B;C;C;D;C;D;C;D;C;D;C;D;C;D;C;D;C;D;C;D;C;D;C;D;C;D;C;D;C;D;C;D;C;D;C;D;C;D;D;E;D;E;D;E;D;E;D;E;D;E;D;E;D;E;D;E;D;E;D;E;D;E;D;E;D;E;D;E;D;E;D;E;D;E;E;F;E;F;E;F;E;F;E;F;E;F;E;F;E;F;E;F;E;F;E;F;E;F;E;F;E;F;E;F;E;F;E;F;E;F;F;A;F;A;F;A;F;A;F;A;F;A;F;A;F;A;F;A;F;A;F;A;F;A;F;A;F;A;F;A;F;A;F;A;F;A,160.0,3289.0,004,1
005-000,cube_7/7/7,A;A;A;A;A;A;A;A;A;A;A;A;A;A;A;A;A;A;A;A;A;A;A;A;A;A;A;A;A;A;A;A;A;A;A;A;A;A;A;A;A;A;A;A;A;A;A;A;A;B;B;B;B;B;B;B;B;B;B;B;B;B;B;B;B;B;B;B;B;B;B;B;B;B;B;B;B;B;B;B;B;B;B;B;B;B;B;B;B;B;B;B;B;B;B;B;B;B;C;C;C;C;C;C;C;C;C;C;C;C;C;C;C;C;C;C;C;C;C;C;C;C;C;C;C;C;C;C;C;C;C;C;C;C;C;C;C;C;C;C;C;C;C;C;C;C;C;D;D;D;D;D;D;D;D;D;D;D;D;D;D;D;D;D;D;D;D;D;D;D;D;D;D;D;D;D;D;D;D;D;D;D;D;D;D;D;D;D;D;D;D;D;D;D;D;D;E;E;E;E;E;E;E;E;E;E;E;E;E;E;E;E;E;E;E;E;E;E;E;E;E;E;E;E;E;E;E;E;E;E;E;E;E;E;E;E;E;E;E;E;E;E;E;E;E;F;F;F;F;F;F;F;F;F;F;F;F;F;F;F;F;F;F;F;F;F;F;F;F;F;F;F;F;F;F;F;F;F;F;F;F;F;F;F;F;F;F;F;F;F;F;F;F;F,208.75,562.25,005,0
006-000,cube_8/8/8,A;A;A;A;A;A;A;A;A;A;A;A;A;A;A;A;A;A;A;A;A;A;A;A;A;A;A;A;A;A;A;A;A;A;A;A;A;A;A;A;A;A;A;A;A;A;A;A;A;A;A;A;A;A;A;A;A;A;A;A;A;A;A;A;B;B;B;B;B;B;B;B;B;B;B;B;B;B;B;B;B;B;B;B;B;B;B;B;B;B;B;B;B;B;B;B;B;B;B;B;B;B;B;B;B;B;B;B;B;B;B;B;B;B;B;B;B;B;B;B;B;B;B;B;B;B;B;B;C;C;C;C;C;C;C;C;C;C;C;C;C;C;C;C;C;C;C;C;C;C;C;C;C;C;C;C;C;C;C;C;C;C;C;C;C;C;C;C;C;C;C;C;C;C;C;C;C;C;C;C;C;C;C;C;C;C;C;C;C;C;C;C;D;D;D;D;D;D;D;D;D;D;D;D;D;D;D;D;D;D;D;D;D;D;D;D;D;D;D;D;D;D;D;D;D;D;D;D;D;D;D;D;D;D;D;D;D;D;D;D;D;D;D;D;D;D;D;D;D;D;D;D;D;D;D;D;E;E;E;E;E;E;E;E;E;E;E;E;E;E;E;E;E;E;E;E;E;E;E;E;E;E;E;E;E;E;E;E;E;E;E;E;E;E;E;E;E;E;E;E;E;E;E;E;E;E;E;E;E;E;E;E;E;E;E;E;E;E;E;E;F;F;F;F;F;F;F;F;F;F;F;F;F;F;F;F;F;F;F;F;F;F;F;F;F;F;F;F;F;F;F;F;F;F;F;F;F;F;F;F;F;F;F;F;F;F;F;F;F;F;F;F;F;F;F;F;F;F;F;F;F;F;F;F,291.3333333333333,986.0,006,0
007-000,cube_9/9/9,A;A;A;A;A;A;A;A;A;A;A;A;A;A;A;A;A;A;A;A;A;A;A;A;A;A;A;A;A;A;A;A;A;A;A;A;A;A;A;A;A;A;A;A;A;A;A;A;A;A;A;A;A;A;A;A;A;A;A;A;A;A;A;A;A;A;A;A;A;A;A;A;A;A;A;A;A;A;A;A;A;B;B;B;B;B;B;B;B;B;B;B;B;B;B;B;B;B;B;B;B;B;B;B;B;B;B;B;B;B;B;B;B;B;B;B;B;B;B;B;B;B;B;B;B;B;B;B;B;B;B;B;B;B;B;B;B;B;B;B;B;B;B;B;B;B;B;B;B;B;B;B;B;B;B;B;B;B;B;B;B;B;C;C;C;C;C;C;C;C;C;C;C;C;C;C;C;C;C;C;C;C;C;C;C;C;C;C;C;C;C;C;C;C;C;C;C;C;C;C;C;C;C;C;C;C;C;C;C;C;C;C;C;C;C;C;C;C;C;C;C;C;C;C;C;C;C;C;C;C;C;C;C;C;C;C;C;C;C;C;C;C;C;D;D;D;D;D;D;D;D;D;D;D;D;D;D;D;D;D;D;D;D;D;D;D;D;D;D;D;D;D;D;D;D;D;D;D;D;D;D;D;D;D;D;D;D;D;D;D;D;D;D;D;D;D;D;D;D;D;D;D;D;D;D;D;D;D;D;D;D;D;D;D;D;D;D;D;D;D;D;D;D;D;E;E;E;E;E;E;E;E;E;E;E;E;E;E;E;E;E;E;E;E;E;E;E;E;E;E;E;E;E;E;E;E;E;E;E;E;E;E;E;E;E;E;E;E;E;E;E;E;E;E;E;E;E;E;E;E;E;E;E;E;E;E;E;E;E;E;E;E;E;E;E;E;E;E;E;E;E;E;E;E;E;F;F;F;F;F;F;F;F;F;F;F;F;F;F;F;F;F;F;F;F;F;F;F;F;F;F;F;F;F;F;F;F;F;F;F;F;F;F;F;F;F;F;F;F;F;F;F;F;F;F;F;F;F;F;F;F;F;F;F;F;F;F;F;F;F;F;F;F;F;F;F;F;F;F;F;F;F;F;F;F;F,354.6666666666667,1361.3333333333333,007,0
008-000,cube_10/10/10,A;A;A;A;A;A;A;A;A;A;A;A;A;A;A;A;A;A;A;A;A;A;A;A;A;A;A;A;A;A;A;A;A;A;A;A;A;A;A;A;A;A;A;A;A;A;A;A;A;A;A;A;A;A;A;A;A;A;A;A;A;A;A;A;A;A;A;A;A;A;A;A;A;A;A;A;A;A;A;A;A;A;A;A;A;A;A;A;A;A;A;A;A;A;A;A;A;A;A;A;B;B;B;B;B;B;B;B;B;B;B;B;B;B;B;B;B;B;B;B;B;B;B;B;B;B;B;B;B;B;B;B;B;B;B;B;B;B;B;B;B;B;B;B;B;B;B;B;B;B;B;B;B;B;B;B;B;B;B;B;B;B;B;B;B;B;B;B;B;B;B;B;B;B;B;B;B;B;B;B;B;B;B;B;B;B;B;B;B;B;B;B;B;B;B;B;B;B;B;B;C;C;C;C;C;C;C;C;C;C;C;C;C;C;C;C;C;C;C;C;C;C;C;C;C;C;C;C;C;C;C;C;C;C;C;C;C;C;C;C;C;C;C;C;C;C;C;C;C;C;C;C;C;C;C;C;C;C;C;C;C;C;C;C;C;C;C;C;C;C;C;C;C;C;C;C;C;C;C;C;C;C;C;C;C;C;C;C;C;C;C;C;C;C;C;C;C;C;C;C;D;D;D;D;D;D;D;D;D;D;D;D;D;D;D;D;D;D;D;D;D;D;D;D;D;D;D;D;D;D;D;D;D;D;D;D;D;D;D;D;D;D;D;D;D;D;D;D;D;D;D;D;D;D;D;D;D;D;D;D;D;D;D;D;D;D;D;D;D;D;D;D;D;D;D;D;D;D;D;D;D;D;D;D;D;D;D;D;D;D;D;D;D;D;D;D;D;D;D;D;E;E;E;E;E;E;E;E;E;E;E;E;E;E;E;E;E;E;E;E;E;E;E;E;E;E;E;E;E;E;E;E;E;E;E;E;E;E;E;E;E;E;E;E;E;E;E;E;E;E;E;E;E;E;E;E;E;E;E;E;E;E;E;E;E;E;E;E;E;E;E;E;E;E;E;E;E;E;E;E;E;E;E;E;E;E;E;E;E;E;E;E;E;E;E;E;E;E;E;E;F;F;F;F;F;F;F;F;F;F;F;F;F;F;F;F;F;F;F;F;F;F;F;F;F;F;F;F;F;F;F;F;F;F;F;F;F;F;F;F;F;F;F;F;F;F;F;F;F;F;F;F;F;F;F;F;F;F;F;F;F;F;F;F;F;F;F;F;F;F;F;F;F;F;F;F;F;F;F;F;F;F;F;F;F;F;F;F;F;F;F;F;F;F;F;F;F;F;F;F,461.5,2063.0,008,0
009-000,cube_19/19/19,A;A;A;A;A;A;A;A;A;A;A;A;A;A;A;A;A;A;A;A;A;A;A;A;A;A;A;A;A;A;A;A;A;A;A;A;A;A;A;A;A;A;A;A;A;A;A;A;A;A;A;A;A;A;A;A;A;A;A;A;A;A;A;A;A;A;A;A;A;A;A;A;A;A;A;A;A;A;A;A;A;A;A;A;A;A;A;A;A;A;A;A;A;A;A;A;A;A;A;A;A;A;A;A;A;A;A;A;A;A;A;A;A;A;A;A;A;A;A;A;A;A;A;A;A;A;A;A;A;A;A;A;A;A;A;A;A;A;A;A;A;A;A;A;A;A;A;A;A;A;A;A;A;A;A;A;A;A;A;A;A;A;A;A;A;A;A;A;A;A;A;A;A;A;A;A;A;A;A;A;A;A;A;A;A;A;A;A;A;A;A;A;A;A;A;A;A;A;A;A;A;A;A;A;A;A;A;A;A;A;A;A;A;A;A;A;A;A;A;A;A;A;A;A;A;A;A;A;A;A;A;A;A;A;A;A;A;A;A;A;A;A;A;A;A;A;A;A;A;A;A;A;A;A;A;A;A;A;A;A;A;A;A;A;A;A;A;A;A;A;A;A;A;A;A;A;A;A;A;A;A;A;A;A;A;A;A;A;A;A;A;A;A;A;A;A;A;A;A;A;A;A;A;A;A;A;A;A;A;A;A;A;A;A;A;A;A;A;A;A;A;A;A;A;A;A;A;A;A;A;A;A;A;A;A;A;A;A;A;A;A;A;A;A;A;A;A;A;A;A;A;A;A;A;A;A;A;A;A;A;A;B;B;B;B;B;B;B;B;B;B;B;B;B;B;B;B;B;B;B;B;B;B;B;B;B;B;B;B;B;B;B;B;B;B;B;B;B;B;B;B;B;B;B;B;B;B;B;B;B;B;B;B;B;B;B;B;B;B;B;B;B;B;B;B;B;B;B;B;B;B;B;B;B;B;B;B;B;B;B;B;B;B;B;B;B;B;B;B;B;B;B;B;B;B;B;B;B;B;B;B;B;B;B;B;B;B;B;B;B;B;B;B;B;B;B;B;B;B;B;B;B;B;B;B;B;B;B;B;B;B;B;B;B;B;B;B;B;B;B;B;B;B;B;B;B;B;B;B;B;B;B;B;B;B;B;B;B;B;B;B;B;B;B;B;B;B;B;B;B;B;B;B;B;B;B;B;B;B;B;B;B;B;B;B;B;B;B;B;B;B;B;B;B;B;B;B;B;B;B;B;B;B;B;B;B;B;B;B;B;B;B;B;B;B;B;B;B;B;B;B;B;B;B;B;B;B;B;B;B;B;B;B;B;B;B;B;B;B;B;B;B;B;B;B;B;B;B;B;B;B;B;B;B;B;B;B;B;B;B;B;B;B;B;B;B;B;B;B;B;B;B;B;B;B;B;B;B;B;B;B;B;B;B;B;B;B;B;B;B;B;B;B;B;B;B;B;B;B;B;B;B;B;B;B;B;B;B;B;B;B;B;B;B;B;B;B;B;B;B;B;B;B;B;B;B;B;B;B;B;B;B;B;B;B;B;B;B;B;B;B;B;B;B;B;B;B;B;B;B;B;B;B;B;B;B;B;B;B;B;B;B;C;C;C;C;C;C;C;C;C;C;C;C;C;C;C;C;C;C;C;C;C;C;C;C;C;C;C;C;C;C;C;C;C;C;C;C;C;C;C;C;C;C;C;C;C;C;C;C;C;C;C;C;C;C;C;C;C;C;C;C;C;C;C;C;C;C;C;C;C;C;C;C;C;C;C;C;C;C;C;C;C;C;C;C;C;C;C;C;C;C;C;C;C;C;C;C;C;C;C;C;C;C;C;C;C;C;C;C;C;C;C;C;C;C;C;C;C;C;C;C;C;C;C;C;C;C;C;C;C;C;C;C;C;C;C;C;C;C;C;C;C;C;C;C;C;C;C;C;C;C;C;C;C;C;C;C;C;C;C;C;C;C;C;C;C;C;C;C;C;C;C;C;C;C;C;C;C;C;C;C;C;C;C;C;C;C;C;C;C;C;C;C;C;C;C;C;C;C;C;C;C;C;C;C;C;C;C;C;C;C;C;C;C;C;C;C;C;C;C;C;C;C;C;C;C;C;C;C;C;C;C;C;C;C;C;C;C;C;C;C;C;C;C;C;C;C;C;C;C;C;C;C;C;C;C;C;C;C;C;C;C;C;C;C;C;C;C;C;C;C;C;C;C;C;C;C;C;C;C;C;C;C;C;C;C;C;C;C;C;C;C;C;C;C;C;C;C;C;C;C;C;C;C;C;C;C;C;C;C;C;C;C;C;C;C;C;C;C;C;C;C;C;C;C;C;C;C;C;C;C;C;C;C;C;C;C;C;C;C;C;C;C;C;C;C;C;C;C;C;C;C;C;C;C;C;C;C;C;C;C;C;D;D;D;D;D;D;D;D;D;D;D;D;D;D;D;D;D;D;D;D;D;D;D;D;D;D;D;D;D;D;D;D;D;D;D;D;D;D;D;D;D;D;D;D;D;D;D;D;D;D;D;D;D;D;D;D;D;D;D;D;D;D;D;D;D;D;D;D;D;D;D;D;D;D;D;D;D;D;D;D;D;D;D;D;D;D;D;D;D;D;D;D;D;D;D;D;D;D;D;D;D;D;D;D;D;D;D;D;D;D;D;D;D;D;D;D;D;D;D;D;D;D;D;D;D;D;D;D;D;D;D;D;D;D;D;D;D;D;D;D;D;D;D;D;D;D;D;D;D;D;D;D;D;D;D;D;D;D;D;D;D;D;D;D;D;D;D;D;D;D;D;D;D;D;D;D;D;D;D;D;D;D;D;D;D;D;D;D;D;D;D;D;D;D;D;D;D;D;D;D;D;D;D;D;D;D;D;D;D;D;D;D;D;D;D;D;D;D;D;D;D;D;D;D;D;D;D;D;D;D;D;D;D;D;D;D;D;D;D;D;D;D;D;D;D;D;D;D;D;D;D;D;D;D;D;D;D;D;D;D;D;D;D;D;D;D;D;D;D;D;D;D;D;D;D;D;D;D;D;D;D;D;D;D;D;D;D;D;D;D;D;D;D;D;D;D;D;D;D;D;D;D;D;D;D;D;D;D;D;D;D;D;D;D;D;D;D;D;D;D;D;D;D;D;D;D;D;D;D;D;D;D;D;D;D;D;D;D;D;D;D;D;D;D;D;D;D;D;D;D;D;D;D;D;D;D;D;D;D;D;D;E;E;E;E;E;E;E;E;E;E;E;E;E;E;E;E;E;E;E;E;E;E;E;E;E;E;E;E;E;E;E;E;E;E;E;E;E;E;E;E;E;E;E;E;E;E;E;E;E;E;E;E;E;E;E;E;E;E;E;E;E;E;E;E;E;E;E;E;E;E;E;E;E;E;E;E;E;E;E;E;E;E;E;E;E;E;E;E;E;E;E;E;E;E;E;E;E;E;E;E;E;E;E;E;E;E;E;E;E;E;E;E;E;E;E;E;E;E;E;E;E;E;E;E;E;E;E;E;E;E;E;E;E;E;E;E;E;E;E;E;E;E;E;E;E;E;E;E;E;E;E;E;E;E;E;E;E;E;E;E;E;E;E;E;E;E;E;E;E;E;E;E;E;E;E;E;E;E;E;E;E;E;E;E;E;E;E;E;E;E;E;E;E;E;E;E;E;E;E;E;E;E;E;E;E;E;E;E;E;E;E;E;E;E;E;E;E;E;E;E;E;E;E;E;E;E;E;E;E;E;E;E;E;E;E;E;E;E;E;E;E;E;E;E;E;E;E;E;E;E;E;E;E;E;E;E;E;E;E;E;E;E;E;E;E;E;E;E;E;E;E;E;E;E;E;E;E;E;E;E;E;E;E;E;E;E;E;E;E;E;E;E;E;E;E;E;E;E;E;E;E;E;E;E;E;E;E;E;E;E;E;E;E;E;E;E;E;E;E;E;E;E;E;E;E;E;E;E;E;E;E;E;E;E;E;E;E;E;E;E;E;E;E;E;E;E;E;E;E;E;E;E;E;E;E;E;E;E;E;E;E;F;F;F;F;F;F;F;F;F;F;F;F;F;F;F;F;F;F;F;F;F;F;F;F;F;F;F;F;F;F;F;F;F;F;F;F;F;F;F;F;F;F;F;F;F;F;F;F;F;F;F;F;F;F;F;F;F;F;F;F;F;F;F;F;F;F;F;F;F;F;F;F;F;F;F;F;F;F;F;F;F;F;F;F;F;F;F;F;F;F;F;F;F;F;F;F;F;F;F;F;F;F;F;F;F;F;F;F;F;F;F;F;F;F;F;F;F;F;F;F;F;F;F;F;F;F;F;F;F;F;F;F;F;F;F;F;F;F;F;F;F;F;F;F;F;F;F;F;F;F;F;F;F;F;F;F;F;F;F;F;F;F;F;F;F;F;F;F;F;F;F;F;F;F;F;F;F;F;F;F;F;F;F;F;F;F;F;F;F;F;F;F;F;F;F;F;F;F;F;F;F;F;F;F;F;F;F;F;F;F;F;F;F;F;F;F;F;F;F;F;F;F;F;F;F;F;F;F;F;F;F;F;F;F;F;F;F;F;F;F;F;F;F;F;F;F;F;F;F;F;F;F;F;F;F;F;F;F;F;F;F;F;F;F;F;F;F;F;F;F;F;F;F;F;F;F;F;F;F;F;F;F;F;F;F;F;F;F;F;F;F;F;F;F;F;F;F;F;F;F;F;F;F;F;F;F;F;F;F;F;F;F;F;F;F;F;F;F;F;F;F;F;F;F;F;F;F;F;F;F;F;F;F;F;F;F;F;F;F;F;F;F;F;F;F;F;F;F;F;F;F;F;F;F;F;F;F;F;F;F;F,1616.6666666666667,15337.333333333334,009,0
010-000,cube_33/33/33,A;A;A;A;A;A;A;A;A;A;A;A;A;A;A;A;A;A;A;A;A;A;A;A;A;A;A;A;A;A;A;A;A;A;A;A;A;A;A;A;A;A;A;A;A;A;A;A;A;A;A;A;A;A;A;A;A;A;A;A;A;A;A;A;A;A;A;A;A;A;A;A;A;A;A;A;A;A;A;A;A;A;A;A;A;A;A;A;A;A;A;A;A;A;A;A;A;A;A;A;A;A;A;A;A;A;A;A;A;A;A;A;A;A;A;A;A;A;A;A;A;A;A;A;A;A;A;A;A;A;A;A;A;A;A;A;A;A;A;A;A;A;A;A;A;A;A;A;A;A;A;A;A;A;A;A;A;A;A;A;A;A;A;A;A;A;A;A;A;A;A;A;A;A;A;A;A;A;A;A;A;A;A;A;A;A;A;A;A;A;A;A;A;A;A;A;A;A;A;A;A;A;A;A;A;A;A;A;A;A;A;A;A;A;A;A;A;A;A;A;A;A;A;A;A;A;A;A;A;A;A;A;A;A;A;A;A;A;A;A;A;A;A;A;A;A;A;A;A;A;A;A;A;A;A;A;A;A;A;A;A;A;A;A;A;A;A;A;A;A;A;A;A;A;A;A;A;A;A;A;A;A;A;A;A;A;A;A;A;A;A;A;A;A;A;A;A;A;A;A;A;A;A;A;A;A;A;A;A;A;A;A;A;A;A;A;A;A;A;A;A;A;A;A;A;A;A;A;A;A;A;A;A;A;A;A;A;A;A;A;A;A;A;A;A;A;A;A;A;A;A;A;A;A;A;A;A;A;A;A;A;A;A;A;A;A;A;A;A;A;A;A;A;A;A;A;A;A;A;A;A;A;A;A;A;A;A;A;A;A;A;A;A;A;A;A;A;A;A;A;A;A;A;A;A;A;A;A;A;A;A;A;A;A;A;A;A;A;A;A;A;A;A;A;A;A;A;A;A;A;A;A;A;A;A;A;A;A;A;A;A;A;A;A;A;A;A;A;A;A;A;A;A;A;A;A;A;A;A;A;A;A;A;A;A;A;A;A;A;A;A;A;A;A;A;A;A;A;A;A;A;A;A;A;A;A;A;A;A;A;A;A;A;A;A;A;A;A;A;A;A;A;A;A;A;A;A;A;A;A;A;A;A;A;A;A;A;A;A;A;A;A;A;A;A;A;A;A;A;A;A;A;A;A;A;A;A;A;A;A;A;A;A;A;A;A;A;A;A;A;A;A;A;A;A;A;A;A;A;A;A;A;A;A;A;A;A;A;A;A;A;A;A;A;A;A;A;A;A;A;A;A;A;A;A;A;A;A;A;A;A;A;A;A;A;A;A;A;A;A;A;A;A;A;A;A;A;A;A;A;A;A;A;A;A;A;A;A;A;A;A;A;A;A;A;A;A;A;A;A;A;A;A;A;A;A;A;A;A;A;A;A;A;A;A;A;A;A;A;A;A;A;A;A;A;A;A;A;A;A;A;A;A;A;A;A;A;A;A;A;A;A;A;A;A;A;A;A;A;A;A;A;A;A;A;A;A;A;A;A;A;A;A;A;A;A;A;A;A;A;A;A;A;A;A;A;A;A;A;A;A;A;A;A;A;A;A;A;A;A;A;A;A;A;A;A;A;A;A;A;A;A;A;A;A;A;A;A;A;A;A;A;A;A;A;A;A;A;A;A;A;A;A;A;A;A;A;A;A;A;A;A;A;A;A;A;A;A;A;A;A;A;A;A;A;A;A;A;A;A;A;A;A;A;A;A;A;A;A;A;A;A;A;A;A;A;A;A;A;A;A;A;A;A;A;A;A;A;A;A;A;A;A;A;A;A;A;A;A;A;A;A;A;A;A;A;A;A;A;A;A;A;A;A;A;A;A;A;A;A;A;A;A;A;A;A;A;A;A;A;A;A;A;A;A;A;A;A;A;A;A;A;A;A;A;A;A;A;A;A;A;A;A;A;A;A;A;A;A;A;A;A;A;A;A;A;A;A;A;A;A;A;A;A;A;A;A;A;A;A;A;A;A;A;A;A;A;A;A;A;A;A;A;A;A;A;A;A;A;A;A;A;A;A;A;A;A;A;A;A;A;A;A;A;A;A;A;A;A;A;A;A;A;A;A;A;A;A;A;A;A;A;A;A;A;A;A;A;A;A;A;A;A;A;A;A;A;A;A;A;A;A;A;A;A;A;A;A;A;A;A;A;A;A;A;A;A;A;A;A;A;A;A;A;A;A;A;A;A;A;A;A;A;A;A;A;A;A;A;A;A;A;A;A;A;A;A;A;A;A;A;A;A;A;A;A;A;A;A;A;A;A;A;A;A;A;A;A;A;A;A;A;A;A;A;A;A;A;A;A;A;A;A;A;A;A;A;A;A;A;A;A;A;A;A;A;A;A;A;A;A;A;A;A;A;A;A;A;A;A;A;A;A;A;A;A;A;A;A;B;B;B;B;B;B;B;B;B;B;B;B;B;B;B;B;B;B;B;B;B;B;B;B;B;B;B;B;B;B;B;B;B;B;B;B;B;B;B;B;B;B;B;B;B;B;B;B;B;B;B;B;B;B;B;B;B;B;B;B;B;B;B;B;B;B;B;B;B;B;B;B;B;B;B;B;B;B;B;B;B;B;B;B;B;B;B;B;B;B;B;B;B;B;B;B;B;B;B;B;B;B;B;B;B;B;B;B;B;B;B;B;B;B;B;B;B;B;B;B;B;B;B;B;B;B;B;B;B;B;B;B;B;B;B;B;B;B;B;B;B;B;B;B;B;B;B;B;B;B;B;B;B;B;B;B;B;B;B;B;B;B;B;B;B;B;B;B;B;B;B;B;B;B;B;B;B;B;B;B;B;B;B;B;B;B;B;B;B;B;B;B;B;B;B;B;B;B;B;B;B;B;B;B;B;B;B;B;B;B;B;B;B;B;B;B;B;B;B;B;B;B;B;B;B;B;B;B;B;B;B;B;B;B;B;B;B;B;B;B;B;B;B;B;B;B;B;B;B;B;B;B;B;B;B;B;B;B;B;B;B;B;B;B;B;B;B;B;B;B;B;B;B;B;B;B;B;B;B;B;B;B;B;B;B;B;B;B;B;B;B;B;B;B;B;B;B;B;B;B;B;B;B;B;B;B;B;B;B;B;B;B;B;B;B;B;B;B;B;B;B;B;B;B;B;B;B;B;B;B;B;B;B;B;B;B;B;B;B;B;B;B;B;B;B;B;B;B;B;B;B;B;B;B;B;B;B;B;B;B;B;B;B;B;B;B;B;B;B;B;B;B;B;B;B;B;B;B;B;B;B;B;B;B;B;B;B;B;B;B;B;B;B;B;B;B;B;B;B;B;B;B;B;B;B;B;B;B;B;B;B;B;B;B;B;B;B;B;B;B;B;B;B;B;B;B;B;B;B;B;B;B;B;B;B;B;B;B;B;B;B;B;B;B;B;B;B;B;B;B;B;B;B;B;B;B;B;B;B;B;B;B;B;B;B;B;B;B;B;B;B;B;B;B;B;B;B;B;B;B;B;B;B;B;B;B;B;B;B;B;B;B;B;B;B;B;B;B;B;B;B;B;B;B;B;B;B;B;B;B;B;B;B;B;B;B;B;B;B;B;B;B;B;B;B;B;B;B;B;B;B;B;B;B;B;B;B;B;B;B;B;B;B;B;B;B;B;B;B;B;B;B;B;B;B;B;B;B;B;B;B;B;B;B;B;B;B;B;B;B;B;B;B;B;B;B;B;B;B;B;B;B;B;B;B;B;B;B;B;B;B;B;B;B;B;B;B;B;B;B;B;B;B;B;B;B;B;B;B;B;B;B;B;B;B;B;B;B;B;B;B;B;B;B;B;B;B;B;B;B;B;B;B;B;B;B;B;B;B;B;B;B;B;B;B;B;B;B;B;B;B;B;B;B;B;B;B;B;B;B;B;B;B;B;B;B;B;B;B;B;B;B;B;B;B;B;B;B;B;B;B;B;B;B;B;B;B;B;B;B;B;B;B;B;B;B;B;B;B;B;B;B;B;B;B;B;B;B;B;B;B;B;B;B;B;B;B;B;B;B;B;B;B;B;B;B;B;B;B;B;B;B;B;B;B;B;B;B;B;B;B;B;B;B;B;B;B;B;B;B;B;B;B;B;B;B;B;B;B;B;B;B;B;B;B;B;B;B;B;B;B;B;B;B;B;B;B;B;B;B;B;B;B;B;B;B;B;B;B;B;B;B;B;B;B;B;B;B;B;B;B;B;B;B;B;B;B;B;B;B;B;B;B;B;B;B;B;B;B;B;B;B;B;B;B;B;B;B;B;B;B;B;B;B;B;B;B;B;B;B;B;B;B;B;B;B;B;B;B;B;B;B;B;B;B;B;B;B;B;B;B;B;B;B;B;B;B;B;B;B;B;B;B;B;B;B;B;B;B;B;B;B;B;B;B;B;B;B;B;B;B;B;B;B;B;B;B;B;B;B;B;B;B;B;B;B;B;B;B;B;B;B;B;B;B;B;B;B;B;B;B;B;B;B;B;B;B;B;B;B;B;B;B;B;B;B;B;B;B;B;B;B;B;B;B;B;B;B;B;B;B;B;B;B;B;B;B;B;B;B;B;B;B;B;B;B;B;B;B;B;B;B;B;B;B;B;B;B;B;B;B;B;B;B;B;B;B;B;B;B;B;B;B;B;B;B;B;B;B;B;B;B;B;B;B;B;B;B;B;B;B;B;B;B;B;B;B;B;B;B;B;B;B;B;B;B;B;B;B;B;B;B;B;B;B;B;B;B;B;B;B;B;B;B;B;B;B;B;B;B;B;B;B;B;B;B;B;B;B;B;B;B;B;B;B;B;B;B;B;B;B;B;B;B;B;B;B;B;B;B;B;B;B;B;B;B;B;B;B;C;C;C;C;C;C;C;C;C;C;C;C;C;C;C;C;C;C;C;C;C;C;C;C;C;C;C;C;C;C;C;C;C;C;C;C;C;C;C;C;C;C;C;C;C;C;C;C;C;C;C;C;C;C;C;C;C;C;C;C;C;C;C;C;C;C;C;C;C;C;C;C;C;C;C;C;C;C;C;C;C;C;C;C;C;C;C;C;C;C;C;C;C;C;C;C;C;C;C;C;C;C;C;C;C;C;C;C;C;C;C;C;C;C;C;C;C;C;C;C;C;C;C;C;C;C;C;C;C;C;C;C;C;C;C;C;C;C;C;C;C;C;C;C;C;C;C;C;C;C;C;C;C;C;C;C;C;C;C;C;C;C;C;C;C;C;C;C;C;C;C;C;C;C;C;C;C;C;C;C;C;C;C;C;C;C;C;C;C;C;C;C;C;C;C;C;C;C;C;C;C;C;C;C;C;C;C;C;C;C;C;C;C;C;C;C;C;C;C;C;C;C;C;C;C;C;C;C;C;C;C;C;C;C;C;C;C;C;C;C;C;C;C;C;C;C;C;C;C;C;C;C;C;C;C;C;C;C;C;C;C;C;C;C;C;C;C;C;C;C;C;C;C;C;C;C;C;C;C;C;C;C;C;C;C;C;C;C;C;C;C;C;C;C;C;C;C;C;C;C;C;C;C;C;C;C;C;C;C;C;C;C;C;C;C;C;C;C;C;C;C;C;C;C;C;C;C;C;C;C;C;C;C;C;C;C;C;C;C;C;C;C;C;C;C;C;C;C;C;C;C;C;C;C;C;C;C;C;C;C;C;C;C;C;C;C;C;C;C;C;C;C;C;C;C;C;C;C;C;C;C;C;C;C;C;C;C;C;C;C;C;C;C;C;C;C;C;C;C;C;C;C;C;C;C;C;C;C;C;C;C;C;C;C;C;C;C;C;C;C;C;C;C;C;C;C;C;C;C;C;C;C;C;C;C;C;C;C;C;C;C;C;C;C;C;C;C;C;C;C;C;C;C;C;C;C;C;C;C;C;C;C;C;C;C;C;C;C;C;C;C;C;C;C;C;C;C;C;C;C;C;C;C;C;C;C;C;C;C;C;C;C;C;C;C;C;C;C;C;C;C;C;C;C;C;C;C;C;C;C;C;C;C;C;C;C;C;C;C;C;C;C;C;C;C;C;C;C;C;C;C;C;C;C;C;C;C;C;C;C;C;C;C;C;C;C;C;C;C;C;C;C;C;C;C;C;C;C;C;C;C;C;C;C;C;C;C;C;C;C;C;C;C;C;C;C;C;C;C;C;C;C;C;C;C;C;C;C;C;C;C;C;C;C;C;C;C;C;C;C;C;C;C;C;C;C;C;C;C;C;C;C;C;C;C;C;C;C;C;C;C;C;C;C;C;C;C;C;C;C;C;C;C;C;C;C;C;C;C;C;C;C;C;C;C;C;C;C;C;C;C;C;C;C;C;C;C;C;C;C;C;C;C;C;C;C;C;C;C;C;C;C;C;C;C;C;C;C;C;C;C;C;C;C;C;C;C;C;C;C;C;C;C;C;C;C;C;C;C;C;C;C;C;C;C;C;C;C;C;C;C;C;C;C;C;C;C;C;C;C;C;C;C;C;C;C;C;C;C;C;C;C;C;C;C;C;C;C;C;C;C;C;C;C;C;C;C;C;C;C;C;C;C;C;C;C;C;C;C;C;C;C;C;C;C;C;C;C;C;C;C;C;C;C;C;C;C;C;C;C;C;C;C;C;C;C;C;C;C;C;C;C;C;C;C;C;C;C;C;C;C;C;C;C;C;C;C;C;C;C;C;C;C;C;C;C;C;C;C;C;C;C;C;C;C;C;C;C;C;C;C;C;C;C;C;C;C;C;C;C;C;C;C;C;C;C;C;C;C;C;C;C;C;C;C;C;C;C;C;C;C;C;C;C;C;C;C;C;C;C;C;C;C;C;C;C;C;C;C;C;C;C;C;C;C;C;C;C;C;C;C;C;C;C;C;C;C;C;C;C;C;C;C;C;C;C;C;C;C;C;C;C;C;C;C;C;C;C;C;C;C;C;C;C;C;C;C;C;C;C;C;C;C;C;C;C;C;C;C;C;C;C;C;C;C;C;C;C;C;C;C;C;C;C;C;C;C;C;C;C;C;C;C;C;C;C;C;C;C;C;C;C;C;C;C;C;C;C;C;C;C;C;C;C;C;C;C;C;C;C;C;C;C;C;C;C;C;C;C;C;C;C;C;C;C;C;C;C;C;C;C;C;C;C;C;C;C;C;C;C;C;C;C;C;C;C;C;C;C;C;C;C;C;C;C;C;C;C;C;C;C;C;C;C;C;C;C;C;C;C;C;C;C;C;C;C;C;C;C;C;C;C;C;C;C;C;C;C;C;C;C;C;C;C;C;C;C;C;C;C;C;C;C;C;C;C;C;C;C;D;D;D;D;D;D;D;D;D;D;D;D;D;D;D;D;D;D;D;D;D;D;D;D;D;D;D;D;D;D;D;D;D;D;D;D;D;D;D;D;D;D;D;D;D;D;D;D;D;D;D;D;D;D;D;D;D;D;D;D;D;D;D;D;D;D;D;D;D;D;D;D;D;D;D;D;D;D;D;D;D;D;D;D;D;D;D;D;D;D;D;D;D;D;D;D;D;D;D;D;D;D;D;D;D;D;D;D;D;D;D;D;D;D;D;D;D;D;D;D;D;D;D;D;D;D;D;D;D;D;D;D;D;D;D;D;D;D;D;D;D;D;D;D;D;D;D;D;D;D;D;D;D;D;D;D;D;D;D;D;D;D;D;D;D;D;D;D;D;D;D;D;D;D;D;D;D;D;D;D;D;D;D;D;D;D;D;D;D;D;D;D;D;D;D;D;D;D;D;D;D;D;D;D;D;D;D;D;D;D;D;D;D;D;D;D;D;D;D;D;D;D;D;D;D;D;D;D;D;D;D;D;D;D;D;D;D;D;D;D;D;D;D;D;D;D;D;D;D;D;D;D;D;D;D;D;D;D;D;D;D;D;D;D;D;D;D;D;D;D;D;D;D;D;D;D;D;D;D;D;D;D;D;D;D;D;D;D;D;D;D;D;D;D;D;D;D;D;D;D;D;D;D;D;D;D;D;D;D;D;D;D;D;D;D;D;D;D;D;D;D;D;D;D;D;D;D;D;D;D;D;D;D;D;D;D;D;D;D;D;D;D;D;D;D;D;D;D;D;D;D;D;D;D;D;D;D;D;D;D;D;D;D;D;D;D;D;D;D;D;D;D;D;D;D;D;D;D;D;D;D;D;D;D;D;D;D;D;D;D;D;D;D;D;D;D;D;D;D;D;D;D;D;D;D;D;D;D;D;D;D;D;D;D;D;D;D;D;D;D;D;D;D;D;D;D;D;D;D;D;D;D;D;D;D;D;D;D;D;D;D;D;D;D;D;D;D;D;D;D;D;D;D;D;D;D;D;D;D;D;D;D;D;D;D;D;D;D;D;D;D;D;D;D;D;D;D;D;D;D;D;D;D;D;D;D;D;D;D;D;D;D;D;D;D;D;D;D;D;D;D;D;D;D;D;D;D;D;D;D;D;D;D;D;D;D;D;D;D;D;D;D;D;D;D;D;D;D;D;D;D;D;D;D;D;D;D;D;D;D;D;D;D;D;D;D;D;D;D;D;D;D;D;D;D;D;D;D;D;D;D;D;D;D;D;D;D;D;D;D;D;D;D;D;D;D;D;D;D;D;D;D;D;D;D;D;D;D;D;D;D;D;D;D;D;D;D;D;D;D;D;D;D;D;D;D;D;D;D;D;D;D;D;D;D;D;D;D;D;D;D;D;D;D;D;D;D;D;D;D;D;D;D;D;D;D;D;D;D;D;D;D;D;D;D;D;D;D;D;D;D;D;D;D;D;D;D;D;D;D;D;D;D;D;D;D;D;D;D;D;D;D;D;D;D;D;D;D;D;D;D;D;D;D;D;D;D;D;D;D;D;D;D;D;D;D;D;D;D;D;D;D;D;D;D;D;D;D;D;D;D;D;D;D;D;D;D;D;D;D;D;D;D;D;D;D;D;D;D;D;D;D;D;D;D;D;D;D;D;D;D;D;D;D;D;D;D;D;D;D;D;D;D;D;D;D;D;D;D;D;D;D;D;D;D;D;D;D;D;D;D;D;D;D;D;D;D;D;D;D;D;D;D;D;D;D;D;D;D;D;D;D;D;D;D;D;D;D;D;D;D;D;D;D;D;D;D;D;D;D;D;D;D;D;D;D;D;D;D;D;D;D;D;D;D;D;D;D;D;D;D;D;D;D;D;D;D;D;D;D;D;D;D;D;D;D;D;D;D;D;D;D;D;D;D;D;D;D;D;D;D;D;D;D;D;D;D;D;D;D;D;D;D;D;D;D;D;D;D;D;D;D;D;D;D;D;D;D;D;D;D;D;D;D;D;D;D;D;D;D;D;D;D;D;D;D;D;D;D;D;D;D;D;D;D;D;D;D;D;D;D;D;D;D;D;D;D;D;D;D;D;D;D;D;D;D;D;D;D;D;D;D;D;D;D;D;D;D;D;D;D;D;D;D;D;D;D;D;D;D;D;D;D;D;D;D;D;D;D;D;D;D;D;D;D;D;D;D;D;D;D;D;D;D;D;D;D;D;D;D;D;D;D;D;D;D;D;D;D;D;D;D;D;D;D;D;D;D;D;D;D;D;D;D;D;D;D;D;D;D;D;D;D;D;D;D;D;D;D;D;D;D;D;D;D;D;D;D;D;D;D;D;D;D;D;D;D;D;D;D;D;D;D;D;D;D;D;D;D;D;D;D;D;D;D;D;D;D;D;D;D;D;D;D;D;D;D;D;D;D;D;D;D;D;D;D;D;D;D;E;E;E;E;E;E;E;E;E;E;E;E;E;E;E;E;E;E;E;E;E;E;E;E;E;E;E;E;E;E;E;E;E;E;E;E;E;E;E;E;E;E;E;E;E;E;E;E;E;E;E;E;E;E;E;E;E;E;E;E;E;E;E;E;E;E;E;E;E;E;E;E;E;E;E;E;E;E;E;E;E;E;E;E;E;E;E;E;E;E;E;E;E;E;E;E;E;E;E;E;E;E;E;E;E;E;E;E;E;E;E;E;E;E;E;E;E;E;E;E;E;E;E;E;E;E;E;E;E;E;E;E;E;E;E;E;E;E;E;E;E;E;E;E;E;E;E;E;E;E;E;E;E;E;E;E;E;E;E;E;E;E;E;E;E;E;E;E;E;E;E;E;E;E;E;E;E;E;E;E;E;E;E;E;E;E;E;E;E;E;E;E;E;E;E;E;E;E;E;E;E;E;E;E;E;E;E;E;E;E;E;E;E;E;E;E;E;E;E;E;E;E;E;E;E;E;E;E;E;E;E;E;E;E;E;E;E;E;E;E;E;E;E;E;E;E;E;E;E;E;E;E;E;E;E;E;E;E;E;E;E;E;E;E;E;E;E;E;E;E;E;E;E;E;E;E;E;E;E;E;E;E;E;E;E;E;E;E;E;E;E;E;E;E;E;E;E;E;E;E;E;E;E;E;E;E;E;E;E;E;E;E;E;E;E;E;E;E;E;E;E;E;E;E;E;E;E;E;E;E;E;E;E;E;E;E;E;E;E;E;E;E;E;E;E;E;E;E;E;E;E;E;E;E;E;E;E;E;E;E;E;E;E;E;E;E;E;E;E;E;E;E;E;E;E;E;E;E;E;E;E;E;E;E;E;E;E;E;E;E;E;E;E;E;E;E;E;E;E;E;E;E;E;E;E;E;E;E;E;E;E;E;E;E;E;E;E;E;E;E;E;E;E;E;E;E;E;E;E;E;E;E;E;E;E;E;E;E;E;E;E;E;E;E;E;E;E;E;E;E;E;E;E;E;E;E;E;E;E;E;E;E;E;E;E;E;E;E;E;E;E;E;E;E;E;E;E;E;E;E;E;E;E;E;E;E;E;E;E;E;E;E;E;E;E;E;E;E;E;E;E;E;E;E;E;E;E;E;E;E;E;E;E;E;E;E;E;E;E;E;E;E;E;E;E;E;E;E;E;E;E;E;E;E;E;E;E;E;E;E;E;E;E;E;E;E;E;E;E;E;E;E;E;E;E;E;E;E;E;E;E;E;E;E;E;E;E;E;E;E;E;E;E;E;E;E;E;E;E;E;E;E;E;E;E;E;E;E;E;E;E;E;E;E;E;E;E;E;E;E;E;E;E;E;E;E;E;E;E;E;E;E;E;E;E;E;E;E;E;E;E;E;E;E;E;E;E;E;E;E;E;E;E;E;E;E;E;E;E;E;E;E;E;E;E;E;E;E;E;E;E;E;E;E;E;E;E;E;E;E;E;E;E;E;E;E;E;E;E;E;E;E;E;E;E;E;E;E;E;E;E;E;E;E;E;E;E;E;E;E;E;E;E;E;E;E;E;E;E;E;E;E;E;E;E;E;E;E;E;E;E;E;E;E;E;E;E;E;E;E;E;E;E;E;E;E;E;E;E;E;E;E;E;E;E;E;E;E;E;E;E;E;E;E;E;E;E;E;E;E;E;E;E;E;E;E;E;E;E;E;E;E;E;E;E;E;E;E;E;E;E;E;E;E;E;E;E;E;E;E;E;E;E;E;E;E;E;E;E;E;E;E;E;E;E;E;E;E;E;E;E;E;E;E;E;E;E;E;E;E;E;E;E;E;E;E;E;E;E;E;E;E;E;E;E;E;E;E;E;E;E;E;E;E;E;E;E;E;E;E;E;E;E;E;E;E;E;E;E;E;E;E;E;E;E;E;E;E;E;E;E;E;E;E;E;E;E;E;E;E;E;E;E;E;E;E;E;E;E;E;E;E;E;E;E;E;E;E;E;E;E;E;E;E;E;E;E;E;E;E;E;E;E;E;E;E;E;E;E;E;E;E;E;E;E;E;E;E;E;E;E;E;E;E;E;E;E;E;E;E;E;E;E;E;E;E;E;E;E;E;E;E;E;E;E;E;E;E;E;E;E;E;E;E;E;E;E;E;E;E;E;E;E;E;E;E;E;E;E;E;E;E;E;E;E;E;E;E;E;E;E;E;E;E;E;E;E;E;E;E;E;E;E;E;E;E;E;E;E;E;E;E;E;E;E;E;E;E;E;E;E;E;E;E;E;E;E;E;E;E;E;E;E;E;E;E;E;E;E;E;E;E;E;E;E;E;E;E;E;E;E;E;E;E;E;E;E;E;E;E;E;E;E;E;E;E;E;E;E;E;E;E;E;E;E;E;E;E;E;E;E;E;E;E;E;E;E;E;E;E;E;E;E;E;E;E;E;E;E;F;F;F;F;F;F;F;F;F;F;F;F;F;F;F;F;F;F;F;F;F;F;F;F;F;F;F;F;F;F;F;F;F;F;F;F;F;F;F;F;F;F;F;F;F;F;F;F;F;F;F;F;F;F;F;F;F;F;F;F;F;F;F;F;F;F;F;F;F;F;F;F;F;F;F;F;F;F;F;F;F;F;F;F;F;F;F;F;F;F;F;F;F;F;F;F;F;F;F;F;F;F;F;F;F;F;F;F;F;F;F;F;F;F;F;F;F;F;F;F;F;F;F;F;F;F;F;F;F;F;F;F;F;F;F;F;F;F;F;F;F;F;F;F;F;F;F;F;F;F;F;F;F;F;F;F;F;F;F;F;F;F;F;F;F;F;F;F;F;F;F;F;F;F;F;F;F;F;F;F;F;F;F;F;F;F;F;F;F;F;F;F;F;F;F;F;F;F;F;F;F;F;F;F;F;F;F;F;F;F;F;F;F;F;F;F;F;F;F;F;F;F;F;F;F;F;F;F;F;F;F;F;F;F;F;F;F;F;F;F;F;F;F;F;F;F;F;F;F;F;F;F;F;F;F;F;F;F;F;F;F;F;F;F;F;F;F;F;F;F;F;F;F;F;F;F;F;F;F;F;F;F;F;F;F;F;F;F;F;F;F;F;F;F;F;F;F;F;F;F;F;F;F;F;F;F;F;F;F;F;F;F;F;F;F;F;F;F;F;F;F;F;F;F;F;F;F;F;F;F;F;F;F;F;F;F;F;F;F;F;F;F;F;F;F;F;F;F;F;F;F;F;F;F;F;F;F;F;F;F;F;F;F;F;F;F;F;F;F;F;F;F;F;F;F;F;F;F;F;F;F;F;F;F;F;F;F;F;F;F;F;F;F;F;F;F;F;F;F;F;F;F;F;F;F;F;F;F;F;F;F;F;F;F;F;F;F;F;F;F;F;F;F;F;F;F;F;F;F;F;F;F;F;F;F;F;F;F;F;F;F;F;F;F;F;F;F;F;F;F;F;F;F;F;F;F;F;F;F;F;F;F;F;F;F;F;F;F;F;F;F;F;F;F;F;F;F;F;F;F;F;F;F;F;F;F;F;F;F;F;F;F;F;F;F;F;F;F;F;F;F;F;F;F;F;F;F;F;F;F;F;F;F;F;F;F;F;F;F;F;F;F;F;F;F;F;F;F;F;F;F;F;F;F;F;F;F;F;F;F;F;F;F;F;F;F;F;F;F;F;F;F;F;F;F;F;F;F;F;F;F;F;F;F;F;F;F;F;F;F;F;F;F;F;F;F;F;F;F;F;F;F;F;F;F;F;F;F;F;F;F;F;F;F;F;F;F;F;F;F;F;F;F;F;F;F;F;F;F;F;F;F;F;F;F;F;F;F;F;F;F;F;F;F;F;F;F;F;F;F;F;F;F;F;F;F;F;F;F;F;F;F;F;F;F;F;F;F;F;F;F;F;F;F;F;F;F;F;F;F;F;F;F;F;F;F;F;F;F;F;F;F;F;F;F;F;F;F;F;F;F;F;F;F;F;F;F;F;F;F;F;F;F;F;F;F;F;F;F;F;F;F;F;F;F;F;F;F;F;F;F;F;F;F;F;F;F;F;F;F;F;F;F;F;F;F;F;F;F;F;F;F;F;F;F;F;F;F;F;F;F;F;F;F;F;F;F;F;F;F;F;F;F;F;F;F;F;F;F;F;F;F;F;F;F;F;F;F;F;F;F;F;F;F;F;F;F;F;F;F;F;F;F;F;F;F;F;F;F;F;F;F;F;F;F;F;F;F;F;F;F;F;F;F;F;F;F;F;F;F;F;F;F;F;F;F;F;F;F;F;F;F;F;F;F;F;F;F;F;F;F;F;F;F;F;F;F;F;F;F;F;F;F;F;F;F;F;F;F;F;F;F;F;F;F;F;F;F;F;F;F;F;F;F;F;F;F;F;F;F;F;F;F;F;F;F;F;F;F;F;F;F;F;F;F;F;F;F;F;F;F;F;F;F;F;F;F;F;F;F;F;F;F;F;F;F;F;F;F;F;F;F;F;F;F;F;F;F;F;F;F;F;F;F;F;F;F;F;F;F;F;F;F;F;F;F;F;F;F;F;F;F;F;F;F;F;F;F;F;F;F;F;F;F;F;F;F;F;F;F;F;F;F;F;F;F;F;F;F;F;F;F;F;F;F;F;F;F;F;F;F;F;F;F;F;F;F;F;F;F;F;F;F;F;F;F;F;F;F;F;F;F;F;F;F;F;F;F;F;F;F;F;F;F;F;F;F;F;F;F;F;F;F;F;F;F;F;F;F;F;F;F;F;F;F;F;F;F;F;F;F;F;F;F;F;F;F;F;F;F;F;F;F;F;F;F;F;F;F;F;F;F;F;F;F;F;F;F;F;F;F;F;F;F;F;F;F;F;F;F;F;F;F;F;F;F;F;F;F,4399.0,83567.0,010,0
010-001,cube_33/33/33,A;B;A;B;A;B;A;B;A;B;A;B;A;B;A;B;A;B;A;B;A;B;A;B;A;B;A;B;A;B;A;B;A;B;A;B;A;B;A;B;A;B;A;B;A;B;A;B;A;B;A;B;A;B;A;B;A;B;A;B;A;B;A;B;A;B;A;B;A;B;A;B;A;B;A;B;A;B;A;B;A;B;A;B;A;B;A;B;A;B;A;B;A;B;A;B;A;B;A;B;A;B;A;B;A;B;A;B;A;B;A;B;A;B;A;B;A;B;A;B;A;B;A;B;A;B;A;B;A;B;A;B;A;B;A;B;A;B;A;B;A;B;A;B;A;B;A;B;A;B;A;B;A;B;A;B;A;B;A;B;A;B;A;B;A;B;A;B;A;B;A;B;A;B;A;B;A;B;A;B;A;B;A;B;A;B;A;B;A;B;A;B;A;B;A;B;A;B;A;B;A;B;A;B;A;B;A;B;A;B;A;B;A;B;A;B;A;B;A;B;A;B;A;B;A;B;A;B;A;B;A;B;A;B;A;B;A;B;A;B;A;B;A;B;A;B;A;B;A;B;A;B;A;B;A;B;A;B;A;B;A;B;A;B;A;B;A;B;A;B;A;B;A;B;A;B;A;B;A;B;A;B;A;B;A;B;A;B;A;B;A;B;A;B;A;B;A;B;A;B;A;B;A;B;A;B;A;B;A;B;A;B;A;B;A;B;A;B;A;B;A;B;A;B;A;B;A;B;A;B;A;B;A;B;A;B;A;B;A;B;A;B;A;B;A;B;A;B;A;B;A;B;A;B;A;B;A;B;A;B;A;B;A;B;A;B;A;B;A;B;A;B;A;B;A;B;A;B;A;B;A;B;A;B;A;B;A;B;A;B;A;B;A;B;A;B;A;B;A;B;A;B;A;B;A;B;A;B;A;B;A;B;A;B;A;B;A;B;A;B;A;B;A;B;A;B;A;B;A;B;A;B;A;B;A;B;A;B;A;B;A;B;A;B;A;B;A;B;A;B;A;B;A;B;A;B;A;B;A;B;A;B;A;B;A;B;A;B;A;B;A;B;A;B;A;B;A;B;A;B;A;B;A;B;A;B;A;B;A;B;A;B;A;B;A;B;A;B;A;B;A;B;A;B;A;B;A;B;A;B;A;B;A;B;A;B;A;B;A;B;A;B;A;B;A;B;A;B;A;B;A;B;A;B;A;B;A;B;A;B;A;B;A;B;A;B;A;B;A;B;A;B;A;B;A;B;A;B;A;B;A;B;A;B;A;B;A;B;A;B;A;B;A;B;A;B;A;B;A;B;A;B;A;B;A;B;A;B;A;B;A;B;A;B;A;B;A;B;A;B;A;B;A;B;A;B;A;B;A;B;A;B;A;B;A;B;A;B;A;B;A;B;A;B;A;B;A;B;A;B;A;B;A;B;A;B;A;B;A;B;A;B;A;B;A;B;A;B;A;B;A;B;A;B;A;B;A;B;A;B;A;B;A;B;A;B;A;B;A;B;A;B;A;B;A;B;A;B;A;B;A;B;A;B;A;B;A;B;A;B;A;B;A;B;A;B;A;B;A;B;A;B;A;B;A;B;A;B;A;B;A;B;A;B;A;B;A;B;A;B;A;B;A;B;A;B;A;B;A;B;A;B;A;B;A;B;A;B;A;B;A;B;A;B;A;B;A;B;A;B;A;B;A;B;A;B;A;B;A;B;A;B;A;B;A;B;A;B;A;B;A;B;A;B;A;B;A;B;A;B;A;B;A;B;A;B;A;B;A;B;A;B;A;B;A;B;A;B;A;B;A;B;A;B;A;B;A;B;A;B;A;B;A;B;A;B;A;B;A;B;A;B;A;B;A;B;A;B;A;B;A;B;A;B;A;B;A;B;A;B;A;B;A;B;A;B;A;B;A;B;A;B;A;B;A;B;A;B;A;B;A;B;A;B;A;B;A;B;A;B;A;B;A;B;A;B;A;B;A;B;A;B;A;B;A;B;A;B;A;B;A;B;A;B;A;B;A;B;A;B;A;B;A;B;A;B;A;B;A;B;A;B;A;B;A;B;A;B;A;B;A;B;A;B;A;B;A;B;A;B;A;B;A;B;A;B;A;B;A;B;A;B;A;B;A;B;A;B;A;B;A;B;A;B;A;B;A;B;A;B;A;B;A;B;A;B;A;B;A;B;A;B;A;B;A;B;A;B;A;B;A;B;A;B;A;B;A;B;A;B;A;B;A;B;A;B;A;B;A;B;A;B;A;B;A;B;A;B;A;B;A;B;A;B;A;B;A;B;A;B;A;B;A;B;A;B;A;B;A;B;A;B;A;B;A;B;A;B;A;B;A;B;A;B;A;B;A;B;A;B;A;B;A;B;A;B;A;B;A;B;A;B;A;B;A;B;A;B;A;B;A;B;A;B;A;B;A;B;A;B;A;B;A;B;A;B;A;B;A;B;C;B;C;B;C;B;C;B;C;B;C;B;C;B;C;B;C;B;C;B;C;B;C;B;C;B;C;B;C;B;C;B;C;B;C;B;C;B;C;B;C;B;C;B;C;B;C;B;C;B;C;B;C;B;C;B;C;B;C;B;C;B;C;B;C;B;C;B;C;B;C;B;C;B;C;B;C;B;C;B;C;B;C;B;C;B;C;B;C;B;C;B;C;B;C;B;C;B;C;B;C;B;C;B;C;B;C;B;C;B;C;B;C;B;C;B;C;B;C;B;C;B;C;B;C;B;C;B;C;B;C;B;C;B;C;B;C;B;C;B;C;B;C;B;C;B;C;B;C;B;C;B;C;B;C;B;C;B;C;B;C;B;C;B;C;B;C;B;C;B;C;B;C;B;C;B;C;B;C;B;C;B;C;B;C;B;C;B;C;B;C;B;C;B;C;B;C;B;C;B;C;B;C;B;C;B;C;B;C;B;C;B;C;B;C;B;C;B;C;B;C;B;C;B;C;B;C;B;C;B;C;B;C;B;C;B;C;B;C;B;C;B;C;B;C;B;C;B;C;B;C;B;C;B;C;B;C;B;C;B;C;B;C;B;C;B;C;B;C;B;C;B;C;B;C;B;C;B;C;B;C;B;C;B;C;B;C;B;C;B;C;B;C;B;C;B;C;B;C;B;C;B;C;B;C;B;C;B;C;B;C;B;C;B;C;B;C;B;C;B;C;B;C;B;C;B;C;B;C;B;C;B;C;B;C;B;C;B;C;B;C;B;C;B;C;B;C;B;C;B;C;B;C;B;C;B;C;B;C;B;C;B;C;B;C;B;C;B;C;B;C;B;C;B;C;B;C;B;C;B;C;B;C;B;C;B;C;B;C;B;C;B;C;B;C;B;C;B;C;B;C;B;C;B;C;B;C;B;C;B;C;B;C;B;C;B;C;B;C;B;C;B;C;B;C;B;C;B;C;B;C;B;C;B;C;B;C;B;C;B;C;B;C;B;C;B;C;B;C;B;C;B;C;B;C;B;C;B;C;B;C;B;C;B;C;B;C;B;C;B;C;B;C;B;C;B;C;B;C;B;C;B;C;B;C;B;C;B;C;B;C;B;C;B;C;B;C;B;C;B;C;B;C;B;C;B;C;B;C;B;C;B;C;B;C;B;C;B;C;B;C;B;C;B;C;B;C;B;C;B;C;B;C;B;C;B;C;B;C;B;C;B;C;B;C;B;C;B;C;B;C;B;C;B;C;B;C;B;C;B;C;B;C;B;C;B;C;B;C;B;C;B;C;B;C;B;C;B;C;B;C;B;C;B;C;B;C;B;C;B;C;B;C;B;C;B;C;B;C;B;C;B;C;B;C;B;C;B;C;B;C;B;C;B;C;B;C;B;C;B;C;B;C;B;C;B;C;B;C;B;C;B;C;B;C;B;C;B;C;B;C;B;C;B;C;B;C;B;C;B;C;B;C;B;C;B;C;B;C;B;C;B;C;B;C;B;C;B;C;B;C;B;C;B;C;B;C;B;C;B;C;B;C;B;C;B;C;B;C;B;C;B;C;B;C;B;C;B;C;B;C;B;C;B;C;B;C;B;C;B;C;B;C;B;C;B;C;B;C;B;C;B;C;B;C;B;C;B;C;B;C;B;C;B;C;B;C;B;C;B;C;B;C;B;C;B;C;B;C;B;C;B;C;B;C;B;C;B;C;B;C;B;C;B;C;B;C;B;C;B;C;B;C;B;C;B;C;B;C;B;C;B;C;B;C;B;C;B;C;B;C;B;C;B;C;B;C;B;C;B;C;B;C;B;C;B;C;B;C;B;C;B;C;B;C;B;C;B;C;B;C;B;C;B;C;B;C;B;C;B;C;B;C;B;C;B;C;B;C;B;C;B;C;B;C;B;C;B;C;B;C;B;C;B;C;B;C;B;C;B;C;B;C;B;C;B;C;B;C;B;C;B;C;B;C;B;C;B;C;B;C;B;C;B;C;B;C;B;C;B;C;B;C;B;C;B;C;B;C;B;C;B;C;B;C;B;C;B;C;B;C;B;C;B;C;B;C;B;C;B;C;B;C;B;C;B;C;B;C;B;C;B;C;B;C;B;C;B;C;B;C;B;C;B;C;B;C;B;C;B;C;B;C;B;C;B;C;B;C;B;C;B;C;B;C;B;C;B;C;B;C;B;C;B;C;B;C;B;C;B;C;B;C;B;C;B;C;B;C;B;C;B;C;B;C;B;C;B;C;B;C;B;C;B;C;B;C;B;C;B;C;B;C;B;C;B;C;B;C;B;C;B;C;B;C;B;C;B;C;B;C;B;C;B;C;B;C;B;C;B;C;B;C;B;C;B;C;B;C;B;C;B;C;B;C;B;C;B;C;B;C;B;C;B;C;B;C;B;C;B;C;B;C;B;C;B;C;B;C;B;C;B;C;B;C;B;C;B;C;D;C;D;C;D;C;D;C;D;C;D;C;D;C;D;C;D;C;D;C;D;C;D;C;D;C;D;C;D;C;D;C;D;C;D;C;D;C;D;C;D;C;D;C;D;C;D;C;D;C;D;C;D;C;D;C;D;C;D;C;D;C;D;C;D;C;D;C;D;C;D;C;D;C;D;C;D;C;D;C;D;C;D;C;D;C;D;C;D;C;D;C;D;C;D;C;D;C;D;C;D;C;D;C;D;C;D;C;D;C;D;C;D;C;D;C;D;C;D;C;D;C;D;C;D;C;D;C;D;C;D;C;D;C;D;C;D;C;D;C;D;C;D;C;D;C;D;C;D;C;D;C;D;C;D;C;D;C;D;C;D;C;D;C;D;C;D;C;D;C;D;C;D;C;D;C;D;C;D;C;D;C;D;C;D;C;D;C;D;C;D;C;D;C;D;C;D;C;D;C;D;C;D;C;D;C;D;C;D;C;D;C;D;C;D;C;D;C;D;C;D;C;D;C;D;C;D;C;D;C;D;C;D;C;D;C;D;C;D;C;D;C;D;C;D;C;D;C;D;C;D;C;D;C;D;C;D;C;D;C;D;C;D;C;D;C;D;C;D;C;D;C;D;C;D;C;D;C;D;C;D;C;D;C;D;C;D;C;D;C;D;C;D;C;D;C;D;C;D;C;D;C;D;C;D;C;D;C;D;C;D;C;D;C;D;C;D;C;D;C;D;C;D;C;D;C;D;C;D;C;D;C;D;C;D;C;D;C;D;C;D;C;D;C;D;C;D;C;D;C;D;C;D;C;D;C;D;C;D;C;D;C;D;C;D;C;D;C;D;C;D;C;D;C;D;C;D;C;D;C;D;C;D;C;D;C;D;C;D;C;D;C;D;C;D;C;D;C;D;C;D;C;D;C;D;C;D;C;D;C;D;C;D;C;D;C;D;C;D;C;D;C;D;C;D;C;D;C;D;C;D;C;D;C;D;C;D;C;D;C;D;C;D;C;D;C;D;C;D;C;D;C;D;C;D;C;D;C;D;C;D;C;D;C;D;C;D;C;D;C;D;C;D;C;D;C;D;C;D;C;D;C;D;C;D;C;D;C;D;C;D;C;D;C;D;C;D;C;D;C;D;C;D;C;D;C;D;C;D;C;D;C;D;C;D;C;D;C;D;C;D;C;D;C;D;C;D;C;D;C;D;C;D;C;D;C;D;C;D;C;D;C;D;C;D;C;D;C;D;C;D;C;D;C;D;C;D;C;D;C;D;C;D;C;D;C;D;C;D;C;D;C;D;C;D;C;D;C;D;C;D;C;D;C;D;C;D;C;D;C;D;C;D;C;D;C;D;C;D;C;D;C;D;C;D;C;D;C;D;C;D;C;D;C;D;C;D;C;D;C;D;C;D;C;D;C;D;C;D;C;D;C;D;C;D;C;D;C;D;C;D;C;D;C;D;C;D;C;D;C;D;C;D;C;D;C;D;C;D;C;D;C;D;C;D;C;D;C;D;C;D;C;D;C;D;C;D;C;D;C;D;C;D;C;D;C;D;C;D;C;D;C;D;C;D;C;D;C;D;C;D;C;D;C;D;C;D;C;D;C;D;C;D;C;D;C;D;C;D;C;D;C;D;C;D;C;D;C;D;C;D;C;D;C;D;C;D;C;D;C;D;C;D;C;D;C;D;C;D;C;D;C;D;C;D;C;D;C;D;C;D;C;D;C;D;C;D;C;D;C;D;C;D;C;D;C;D;C;D;C;D;C;D;C;D;C;D;C;D;C;D;C;D;C;D;C;D;C;D;C;D;C;D;C;D;C;D;C;D;C;D;C;D;C;D;C;D;C;D;C;D;C;D;C;D;C;D;C;D;C;D;C;D;C;D;C;D;C;D;C;D;C;D;C;D;C;D;C;D;C;D;C;D;C;D;C;D;C;D;C;D;C;D;C;D;C;D;C;D;C;D;C;D;C;D;C;D;C;D;C;D;C;D;C;D;C;D;C;D;C;D;C;D;C;D;C;D;C;D;C;D;C;D;C;D;C;D;C;D;C;D;C;D;C;D;C;D;C;D;C;D;C;D;C;D;C;D;C;D;C;D;C;D;C;D;C;D;C;D;C;D;C;D;C;D;C;D;C;D;C;D;C;D;C;D;C;D;C;D;C;D;C;D;C;D;C;D;C;D;C;D;C;D;C;D;C;D;C;D;C;D;C;D;C;D;C;D;C;D;C;D;C;D;C;D;C;D;C;D;C;D;C;D;C;D;C;D;C;D;C;D;C;D;C;D;C;D;C;D;C;D;C;D;C;D;C;D;C;D;C;D;C;D;C;D;C;D;C;D;C;D;C;D;C;D;C;D;C;D;C;D;C;D;C;D;C;D;C;D;C;D;C;D;C;D;C;D;C;D;C;D;C;D;C;D;C;D;C;D;C;D;C;D;C;D;C;D;C;D;E;D;E;D;E;D;E;D;E;D;E;D;E;D;E;D;E;D;E;D;E;D;E;D;E;D;E;D;E;D;E;D;E;D;E;D;E;D;E;D;E;D;E;D;E;D;E;D;E;D;E;D;E;D;E;D;E;D;E;D;E;D;E;D;E;D;E;D;E;D;E;D;E;D;E;D;E;D;E;D;E;D;E;D;E;D;E;D;E;D;E;D;E;D;E;D;E;D;E;D;E;D;E;D;E;D;E;D;E;D;E;D;E;D;E;D;E;D;E;D;E;D;E;D;E;D;E;D;E;D;E;D;E;D;E;D;E;D;E;D;E;D;E;D;E;D;E;D;E;D;E;D;E;D;E;D;E;D;E;D;E;D;E;D;E;D;E;D;E;D;E;D;E;D;E;D;E;D;E;D;E;D;E;D;E;D;E;D;E;D;E;D;E;D;E;D;E;D;E;D;E;D;E;D;E;D;E;D;E;D;E;D;E;D;E;D;E;D;E;D;E;D;E;D;E;D;E;D;E;D;E;D;E;D;E;D;E;D;E;D;E;D;E;D;E;D;E;D;E;D;E;D;E;D;E;D;E;D;E;D;E;D;E;D;E;D;E;D;E;D;E;D;E;D;E;D;E;D;E;D;E;D;E;D;E;D;E;D;E;D;E;D;E;D;E;D;E;D;E;D;E;D;E;D;E;D;E;D;E;D;E;D;E;D;E;D;E;D;E;D;E;D;E;D;E;D;E;D;E;D;E;D;E;D;E;D;E;D;E;D;E;D;E;D;E;D;E;D;E;D;E;D;E;D;E;D;E;D;E;D;E;D;E;D;E;D;E;D;E;D;E;D;E;D;E;D;E;D;E;D;E;D;E;D;E;D;E;D;E;D;E;D;E;D;E;D;E;D;E;D;E;D;E;D;E;D;E;D;E;D;E;D;E;D;E;D;E;D;E;D;E;D;E;D;E;D;E;D;E;D;E;D;E;D;E;D;E;D;E;D;E;D;E;D;E;D;E;D;E;D;E;D;E;D;E;D;E;D;E;D;E;D;E;D;E;D;E;D;E;D;E;D;E;D;E;D;E;D;E;D;E;D;E;D;E;D;E;D;E;D;E;D;E;D;E;D;E;D;E;D;E;D;E;D;E;D;E;D;E;D;E;D;E;D;E;D;E;D;E;D;E;D;E;D;E;D;E;D;E;D;E;D;E;D;E;D;E;D;E;D;E;D;E;D;E;D;E;D;E;D;E;D;E;D;E;D;E;D;E;D;E;D;E;D;E;D;E;D;E;D;E;D;E;D;E;D;E;D;E;D;E;D;E;D;E;D;E;D;E;D;E;D;E;D;E;D;E;D;E;D;E;D;E;D;E;D;E;D;E;D;E;D;E;D;E;D;E;D;E;D;E;D;E;D;E;D;E;D;E;D;E;D;E;D;E;D;E;D;E;D;E;D;E;D;E;D;E;D;E;D;E;D;E;D;E;D;E;D;E;D;E;D;E;D;E;D;E;D;E;D;E;D;E;D;E;D;E;D;E;D;E;D;E;D;E;D;E;D;E;D;E;D;E;D;E;D;E;D;E;D;E;D;E;D;E;D;E;D;E;D;E;D;E;D;E;D;E;D;E;D;E;D;E;D;E;D;E;D;E;D;E;D;E;D;E;D;E;D;E;D;E;D;E;D;E;D;E;D;E;D;E;D;E;D;E;D;E;D;E;D;E;D;E;D;E;D;E;D;E;D;E;D;E;D;E;D;E;D;E;D;E;D;E;D;E;D;E;D;E;D;E;D;E;D;E;D;E;D;E;D;E;D;E;D;E;D;E;D;E;D;E;D;E;D;E;D;E;D;E;D;E;D;E;D;E;D;E;D;E;D;E;D;E;D;E;D;E;D;E;D;E;D;E;D;E;D;E;D;E;D;E;D;E;D;E;D;E;D;E;D;E;D;E;D;E;D;E;D;E;D;E;D;E;D;E;D;E;D;E;D;E;D;E;D;E;D;E;D;E;D;E;D;E;D;E;D;E;D;E;D;E;D;E;D;E;D;E;D;E;D;E;D;E;D;E;D;E;D;E;D;E;D;E;D;E;D;E;D;E;D;E;D;E;D;E;D;E;D;E;D;E;D;E;D;E;D;E;D;E;D;E;D;E;D;E;D;E;D;E;D;E;D;E;D;E;D;E;D;E;D;E;D;E;D;E;D;E;D;E;D;E;D;E;D;E;D;E;D;E;D;E;D;E;D;E;D;E;D;E;D;E;D;E;D;E;D;E;D;E;D;E;D;E;D;E;D;E;D;E;D;E;D;E;D;E;D;E;D;E;D;E;D;E;D;E;D;E;D;E;D;E;D;E;D;E;D;E;D;E;D;E;D;E;D;E;D;E;D;E;D;E;D;E;D;E;D;E;D;E;D;E;D;E;D;E;D;E;D;E;D;E;D;E;D;E;D;E;D;E;F;E;F;E;F;E;F;E;F;E;F;E;F;E;F;E;F;E;F;E;F;E;F;E;F;E;F;E;F;E;F;E;F;E;F;E;F;E;F;E;F;E;F;E;F;E;F;E;F;E;F;E;F;E;F;E;F;E;F;E;F;E;F;E;F;E;F;E;F;E;F;E;F;E;F;E;F;E;F;E;F;E;F;E;F;E;F;E;F;E;F;E;F;E;F;E;F;E;F;E;F;E;F;E;F;E;F;E;F;E;F;E;F;E;F;E;F;E;F;E;F;E;F;E;F;E;F;E;F;E;F;E;F;E;F;E;F;E;F;E;F;E;F;E;F;E;F;E;F;E;F;E;F;E;F;E;F;E;F;E;F;E;F;E;F;E;F;E;F;E;F;E;F;E;F;E;F;E;F;E;F;E;F;E;F;E;F;E;F;E;F;E;F;E;F;E;F;E;F;E;F;E;F;E;F;E;F;E;F;E;F;E;F;E;F;E;F;E;F;E;F;E;F;E;F;E;F;E;F;E;F;E;F;E;F;E;F;E;F;E;F;E;F;E;F;E;F;E;F;E;F;E;F;E;F;E;F;E;F;E;F;E;F;E;F;E;F;E;F;E;F;E;F;E;F;E;F;E;F;E;F;E;F;E;F;E;F;E;F;E;F;E;F;E;F;E;F;E;F;E;F;E;F;E;F;E;F;E;F;E;F;E;F;E;F;E;F;E;F;E;F;E;F;E;F;E;F;E;F;E;F;E;F;E;F;E;F;E;F;E;F;E;F;E;F;E;F;E;F;E;F;E;F;E;F;E;F;E;F;E;F;E;F;E;F;E;F;E;F;E;F;E;F;E;F;E;F;E;F;E;F;E;F;E;F;E;F;E;F;E;F;E;F;E;F;E;F;E;F;E;F;E;F;E;F;E;F;E;F;E;F;E;F;E;F;E;F;E;F;E;F;E;F;E;F;E;F;E;F;E;F;E;F;E;F;E;F;E;F;E;F;E;F;E;F;E;F;E;F;E;F;E;F;E;F;E;F;E;F;E;F;E;F;E;F;E;F;E;F;E;F;E;F;E;F;E;F;E;F;E;F;E;F;E;F;E;F;E;F;E;F;E;F;E;F;E;F;E;F;E;F;E;F;E;F;E;F;E;F;E;F;E;F;E;F;E;F;E;F;E;F;E;F;E;F;E;F;E;F;E;F;E;F;E;F;E;F;E;F;E;F;E;F;E;F;E;F;E;F;E;F;E;F;E;F;E;F;E;F;E;F;E;F;E;F;E;F;E;F;E;F;E;F;E;F;E;F;E;F;E;F;E;F;E;F;E;F;E;F;E;F;E;F;E;F;E;F;E;F;E;F;E;F;E;F;E;F;E;F;E;F;E;F;E;F;E;F;E;F;E;F;E;F;E;F;E;F;E;F;E;F;E;F;E;F;E;F;E;F;E;F;E;F;E;F;E;F;E;F;E;F;E;F;E;F;E;F;E;F;E;F;E;F;E;F;E;F;E;F;E;F;E;F;E;F;E;F;E;F;E;F;E;F;E;F;E;F;E;F;E;F;E;F;E;F;E;F;E;F;E;F;E;F;E;F;E;F;E;F;E;F;E;F;E;F;E;F;E;F;E;F;E;F;E;F;E;F;E;F;E;F;E;F;E;F;E;F;E;F;E;F;E;F;E;F;E;F;E;F;E;F;E;F;E;F;E;F;E;F;E;F;E;F;E;F;E;F;E;F;E;F;E;F;E;F;E;F;E;F;E;F;E;F;E;F;E;F;E;F;E;F;E;F;E;F;E;F;E;F;E;F;E;F;E;F;E;F;E;F;E;F;E;F;E;F;E;F;E;F;E;F;E;F;E;F;E;F;E;F;E;F;E;F;E;F;E;F;E;F;E;F;E;F;E;F;E;F;E;F;E;F;E;F;E;F;E;F;E;F;E;F;E;F;E;F;E;F;E;F;E;F;E;F;E;F;E;F;E;F;E;F;E;F;E;F;E;F;E;F;E;F;E;F;E;F;E;F;E;F;E;F;E;F;E;F;E;F;E;F;E;F;E;F;E;F;E;F;E;F;E;F;E;F;E;F;E;F;E;F;E;F;E;F;E;F;E;F;E;F;E;F;E;F;E;F;E;F;E;F;E;F;E;F;E;F;E;F;E;F;E;F;E;F;E;F;E;F;E;F;E;F;E;F;E;F;E;F;E;F;E;F;E;F;E;F;E;F;E;F;E;F;E;F;E;F;E;F;E;F;E;F;E;F;E;F;E;F;E;F;E;F;E;F;E;F;E;F;E;F;E;F;E;F;E;F;E;F;E;F;E;F;E;F;E;F;E;F;E;F;E;F;E;F;E;F;E;F;E;F;E;F;E;F;E;F;E;F;E;F;E;F;E;F;E;F;E;F;E;F;E;F;E;F;E;F;E;F;E;F;E;F;E;F;E;F;E;F;E;F;A;F;A;F;A;F;A;F;A;F;A;F;A;F;A;F;A;F;A;F;A;F;A;F;A;F;A;F;A;F;A;F;A;F;A;F;A;F;A;F;A;F;A;F;A;F;A;F;A;F;A;F;A;F;A;F;A;F;A;F;A;F;A;F;A;F;A;F;A;F;A;F;A;F;A;F;A;F;A;F;A;F;A;F;A;F;A;F;A;F;A;F;A;F;A;F;A;F;A;F;A;F;A;F;A;F;A;F;A;F;A;F;A;F;A;F;A;F;A;F;A;F;A;F;A;F;A;F;A;F;A;F;A;F;A;F;A;F;A;F;A;F;A;F;A;F;A;F;A;F;A;F;A;F;A;F;A;F;A;F;A;F;A;F;A;F;A;F;A;F;A;F;A;F;A;F;A;F;A;F;A;F;A;F;A;F;A;F;A;F;A;F;A;F;A;F;A;F;A;F;A;F;A;F;A;F;A;F;A;F;A;F;A;F;A;F;A;F;A;F;A;F;A;F;A;F;A;F;A;F;A;F;A;F;A;F;A;F;A;F;A;F;A;F;A;F;A;F;A;F;A;F;A;F;A;F;A;F;A;F;A;F;A;F;A;F;A;F;A;F;A;F;A;F;A;F;A;F;A;F;A;F;A;F;A;F;A;F;A;F;A;F;A;F;A;F;A;F;A;F;A;F;A;F;A;F;A;F;A;F;A;F;A;F;A;F;A;F;A;F;A;F;A;F;A;F;A;F;A;F;A;F;A;F;A;F;A;F;A;F;A;F;A;F;A;F;A;F;A;F;A;F;A;F;A;F;A;F;A;F;A;F;A;F;A;F;A;F;A;F;A;F;A;F;A;F;A;F;A;F;A;F;A;F;A;F;A;F;A;F;A;F;A;F;A;F;A;F;A;F;A;F;A;F;A;F;A;F;A;F;A;F;A;F;A;F;A;F;A;F;A;F;A;F;A;F;A;F;A;F;A;F;A;F;A;F;A;F;A;F;A;F;A;F;A;F;A;F;A;F;A;F;A;F;A;F;A;F;A;F;A;F;A;F;A;F;A;F;A;F;A;F;A;F;A;F;A;F;A;F;A;F;A;F;A;F;A;F;A;F;A;F;A;F;A;F;A;F;A;F;A;F;A;F;A;F;A;F;A;F;A;F;A;F;A;F;A;F;A;F;A;F;A;F;A;F;A;F;A;F;A;F;A;F;A;F;A;F;A;F;A;F;A;F;A;F;A;F;A;F;A;F;A;F;A;F;A;F;A;F;A;F;A;F;A;F;A;F;A;F;A;F;A;F;A;F;A;F;A;F;A;F;A;F;A;F;A;F;A;F;A;F;A;F;A;F;A;F;A;F;A;F;A;F;A;F;A;F;A;F;A;F;A;F;A;F;A;F;A;F;A;F;A;F;A;F;A;F;A;F;A;F;A;F;A;F;A;F;A;F;A;F;A;F;A;F;A;F;A;F;A;F;A;F;A;F;A;F;A;F;A;F;A;F;A;F;A;F;A;F;A;F;A;F;A;F;A;F;A;F;A;F;A;F;A;F;A;F;A;F;A;F;A;F;A;F;A;F;A;F;A;F;A;F;A;F;A;F;A;F;A;F;A;F;A;F;A;F;A;F;A;F;A;F;A;F;A;F;A;F;A;F;A;F;A;F;A;F;A;F;A;F;A;F;A;F;A;F;A;F;A;F;A;F;A;F;A;F;A;F;A;F;A;F;A;F;A;F;A;F;A;F;A;F;A;F;A;F;A;F;A;F;A;F;A;F;A;F;A;F;A;F;A;F;A;F;A;F;A;F;A;F;A;F;A;F;A;F;A;F;A;F;A;F;A;F;A;F;A;F;A;F;A;F;A;F;A;F;A;F;A;F;A;F;A;F;A;F;A;F;A;F;A;F;A;F;A;F;A;F;A;F;A;F;A;F;A;F;A;F;A;F;A;F;A;F;A;F;A;F;A;F;A;F;A;F;A;F;A;F;A;F;A;F;A;F;A;F;A;F;A;F;A;F;A;F;A;F;A;F;A;F;A;F;A;F;A;F;A;F;A;F;A;F;A;F;A;F;A;F;A;F;A;F;A;F;A;F;A;F;A;F;A;F;A;F;A;F;A;F;A;F;A;F;A;F;A;F;A;F;A;F;A;F;A;F;A;F;A;F;A;F;A;F;A;F;A;F;A;F;A;F;A;F;A;F;A;F;A;F;A;F;A;F;A;F;A;F;A;F;A;F;A;F;A;F;A;F;A;F;A;F;A;F;A;F;A;F;A;F;A;F;A;F;A;F;A;F;A;F;A;F;A;F;A;F;A;F;A;F;A;F;A;F;A;F;A;F;A;F;A;F;A;F;A;F;A;F;A;F;A;F;A;F;A;F;A;F;A;F;A;F;A;F;A;F;A;F;A;F;A;F;A;F;A;F;A;F;A;F;A;F;A;F;A;F;A;F,4361.0,139545.0,010,1
010-002,cube_33/33/33,N0;N1;N2;N3;N4;N5;N6;N7;N8;N9;N10;N11;N12;N13;N14;N15;N16;N17;N18;N19;N20;N21;N22;N23;N24;N25;N26;N27;N28;N29;N30;N31;N32;N33;N34;N35;N36;N37;N38;N39;N40;N41;N42;N43;N44;N45;N46;N47;N48;N49;N50;N51;N52;N53;N54;N55;N56;N57;N58;N59;N60;N61;N62;N63;N64;N65;N66;N67;N68;N69;N70;N71;N72;N73;N74;N75;N76;N77;N78;N79;N80;N81;N82;N83;N84;N85;N86;N87;N88;N89;N90;N91;N92;N93;N94;N95;N96;N97;N98;N99;N100;N101;N102;N103;N104;N105;N106;N107;N108;N109;N110;N111;N112;N113;N114;N115;N116;N117;N118;N119;N120;N121;N122;N123;N124;N125;N126;N127;N128;N129;N130;N131;N132;N133;N134;N135;N136;N137;N138;N139;N140;N141;N142;N143;N144;N145;N146;N147;N148;N149;N150;N151;N152;N153;N154;N155;N156;N157;N158;N159;N160;N161;N162;N163;N164;N165;N166;N167;N168;N169;N170;N171;N172;N173;N174;N175;N176;N177;N178;N179;N180;N181;N182;N183;N184;N185;N186;N187;N188;N189;N190;N191;N192;N193;N194;N195;N196;N197;N198;N199;N200;N201;N202;N203;N204;N205;N206;N207;N208;N209;N210;N211;N212;N213;N214;N215;N216;N217;N218;N219;N220;N221;N222;N223;N224;N225;N226;N227;N228;N229;N230;N231;N232;N233;N234;N235;N236;N237;N238;N239;N240;N241;N242;N243;N244;N245;N246;N247;N248;N249;N250;N251;N252;N253;N254;N255;N256;N257;N258;N259;N260;N261;N262;N263;N264;N265;N266;N267;N268;N269;N270;N271;N272;N273;N274;N275;N276;N277;N278;N279;N280;N281;N282;N283;N284;N285;N286;N287;N288;N289;N290;N291;N292;N293;N294;N295;N296;N297;N298;N299;N300;N301;N302;N303;N304;N305;N306;N307;N308;N309;N310;N311;N312;N313;N314;N315;N316;N317;N318;N319;N320;N321;N322;N323;N324;N325;N326;N327;N328;N329;N330;N331;N332;N333;N334;N335;N336;N337;N338;N339;N340;N341;N342;N343;N344;N345;N346;N347;N348;N349;N350;N351;N352;N353;N354;N355;N356;N357;N358;N359;N360;N361;N362;N363;N364;N365;N366;N367;N368;N369;N370;N371;N372;N373;N374;N375;N376;N377;N378;N379;N380;N381;N382;N383;N384;N385;N386;N387;N388;N389;N390;N391;N392;N393;N394;N395;N396;N397;N398;N399;N400;N401;N402;N403;N404;N405;N406;N407;N408;N409;N410;N411;N412;N413;N414;N415;N416;N417;N418;N419;N420;N421;N422;N423;N424;N425;N426;N427;N428;N429;N430;N431;N432;N433;N434;N435;N436;N437;N438;N439;N440;N441;N442;N443;N444;N445;N446;N447;N448;N449;N450;N451;N452;N453;N454;N455;N456;N457;N458;N459;N460;N461;N462;N463;N464;N465;N466;N467;N468;N469;N470;N471;N472;N473;N474;N475;N476;N477;N478;N479;N480;N481;N482;N483;N484;N485;N486;N487;N488;N489;N490;N491;N492;N493;N494;N495;N496;N497;N498;N499;N500;N501;N502;N503;N504;N505;N506;N507;N508;N509;N510;N511;N512;N513;N514;N515;N516;N517;N518;N519;N520;N521;N522;N523;N524;N525;N526;N527;N528;N529;N530;N531;N532;N533;N534;N535;N536;N537;N538;N539;N540;N541;N542;N543;N544;N545;N546;N547;N548;N549;N550;N551;N552;N553;N554;N555;N556;N557;N558;N559;N560;N561;N562;N563;N564;N565;N566;N567;N568;N569;N570;N571;N572;N573;N574;N575;N576;N577;N578;N579;N580;N581;N582;N583;N584;N585;N586;N587;N588;N589;N590;N591;N592;N593;N594;N595;N596;N597;N598;N599;N600;N601;N602;N603;N604;N605;N606;N607;N608;N609;N610;N611;N612;N613;N614;N615;N616;N617;N618;N619;N620;N621;N622;N623;N624;N625;N626;N627;N628;N629;N630;N631;N632;N633;N634;N635;N636;N637;N638;N639;N640;N641;N642;N643;N644;N645;N646;N647;N648;N649;N650;N651;N652;N653;N654;N655;N656;N657;N658;N659;N660;N661;N662;N663;N664;N665;N666;N667;N668;N669;N670;N671;N672;N673;N674;N675;N676;N677;N678;N679;N680;N681;N682;N683;N684;N685;N686;N687;N688;N689;N690;N691;N692;N693;N694;N695;N696;N697;N698;N699;N700;N701;N702;N703;N704;N705;N706;N707;N708;N709;N710;N711;N712;N713;N714;N715;N716;N717;N718;N719;N720;N721;N722;N723;N724;N725;N726;N727;N728;N729;N730;N731;N732;N733;N734;N735;N736;N737;N738;N739;N740;N741;N742;N743;N744;N745;N746;N747;N748;N749;N750;N751;N752;N753;N754;N755;N756;N757;N758;N759;N760;N761;N762;N763;N764;N765;N766;N767;N768;N769;N770;N771;N772;N773;N774;N775;N776;N777;N778;N779;N780;N781;N782;N783;N784;N785;N786;N787;N788;N789;N790;N791;N792;N793;N794;N795;N796;N797;N798;N799;N800;N801;N802;N803;N804;N805;N806;N807;N808;N809;N810;N811;N812;N813;N814;N815;N816;N817;N818;N819;N820;N821;N822;N823;N824;N825;N826;N827;N828;N829;N830;N831;N832;N833;N834;N835;N836;N837;N838;N839;N840;N841;N842;N843;N844;N845;N846;N847;N848;N849;N850;N851;N852;N853;N854;N855;N856;N857;N858;N859;N860;N861;N862;N863;N864;N865;N866;N867;N868;N869;N870;N871;N872;N873;N874;N875;N876;N877;N878;N879;N880;N881;N882;N883;N884;N885;N886;N887;N888;N889;N890;N891;N892;N893;N894;N895;N896;N897;N898;N899;N900;N901;N902;N903;N904;N905;N906;N907;N908;N909;N910;N911;N912;N913;N914;N915;N916;N917;N918;N919;N920;N921;N922;N923;N924;N925;N926;N927;N928;N929;N930;N931;N932;N933;N934;N935;N936;N937;N938;N939;N940;N941;N942;N943;N944;N945;N946;N947;N948;N949;N950;N951;N952;N953;N954;N955;N956;N957;N958;N959;N960;N961;N962;N963;N964;N965;N966;N967;N968;N969;N970;N971;N972;N973;N974;N975;N976;N977;N978;N979;N980;N981;N982;N983;N984;N985;N986;N987;N988;N989;N990;N991;N992;N993;N994;N995;N996;N997;N998;N999;N1000;N1001;N1002;N1003;N1004;N1005;N1006;N1007;N1008;N1009;N1010;N1011;N1012;N1013;N1014;N1015;N1016;N1017;N1018;N1019;N1020;N1021;N1022;N1023;N1024;N1025;N1026;N1027;N1028;N1029;N1030;N1031;N1032;N1033;N1034;N1035;N1036;N1037;N1038;N1039;N1040;N1041;N1042;N1043;N1044;N1045;N1046;N1047;N1048;N1049;N1050;N1051;N1052;N1053;N1054;N1055;N1056;N1057;N1058;N1059;N1060;N1061;N1062;N1063;N1064;N1065;N1066;N1067;N1068;N1069;N1070;N1071;N1072;N1073;N1074;N1075;N1076;N1077;N1078;N1079;N1080;N1081;N1082;N1083;N1084;N1085;N1086;N1087;N1088;N1089;N1090;N1091;N1092;N1093;N1094;N1095;N1096;N1097;N1098;N1099;N1100;N1101;N1102;N1103;N1104;N1105;N1106;N1107;N1108;N1109;N1110;N1111;N1112;N1113;N1114;N1115;N1116;N1117;N1118;N1119;N1120;N1121;N1122;N1123;N1124;N1125;N1126;N1127;N1128;N1129;N1130;N1131;N1132;N1133;N1134;N1135;N1136;N1137;N1138;N1139;N1140;N1141;N1142;N1143;N1144;N1145;N1146;N1147;N1148;N1149;N1150;N1151;N1152;N1153;N1154;N1155;N1156;N1157;N1158;N1159;N1160;N1161;N1162;N1163;N1164;N1165;N1166;N1167;N1168;N1169;N1170;N1171;N1172;N1173;N1174;N1175;N1176;N1177;N1178;N1179;N1180;N1181;N1182;N1183;N1184;N1185;N1186;N1187;N1188;N1189;N1190;N1191;N1192;N1193;N1194;N1195;N1196;N1197;N1198;N1199;N1200;N1201;N1202;N1203;N1204;N1205;N1206;N1207;N1208;N1209;N1210;N1211;N1212;N1213;N1214;N1215;N1216;N1217;N1218;N1219;N1220;N1221;N1222;N1223;N1224;N1225;N1226;N1227;N1228;N1229;N1230;N1231;N1232;N1233;N1234;N1235;N1236;N1237;N1238;N1239;N1240;N1241;N1242;N1243;N1244;N1245;N1246;N1247;N1248;N1249;N1250;N1251;N1252;N1253;N1254;N1255;N1256;N1257;N1258;N1259;N1260;N1261;N1262;N1263;N1264;N1265;N1266;N1267;N1268;N1269;N1270;N1271;N1272;N1273;N1274;N1275;N1276;N1277;N1278;N1279;N1280;N1281;N1282;N1283;N1284;N1285;N1286;N1287;N1288;N1289;N1290;N1291;N1292;N1293;N1294;N1295;N1296;N1297;N1298;N1299;N1300;N1301;N1302;N1303;N1304;N1305;N1306;N1307;N1308;N1309;N1310;N1311;N1312;N1313;N1314;N1315;N1316;N1317;N1318;N1319;N1320;N1321;N1322;N1323;N1324;N1325;N1326;N1327;N1328;N1329;N1330;N1331;N1332;N1333;N1334;N1335;N1336;N1337;N1338;N1339;N1340;N1341;N1342;N1343;N1344;N1345;N1346;N1347;N1348;N1349;N1350;N1351;N1352;N1353;N1354;N1355;N1356;N1357;N1358;N1359;N1360;N1361;N1362;N1363;N1364;N1365;N1366;N1367;N1368;N1369;N1370;N1371;N1372;N1373;N1374;N1375;N1376;N1377;N1378;N1379;N1380;N1381;N1382;N1383;N1384;N1385;N1386;N1387;N1388;N1389;N1390;N1391;N1392;N1393;N1394;N1395;N1396;N1397;N1398;N1399;N1400;N1401;N1402;N1403;N1404;N1405;N1406;N1407;N1408;N1409;N1410;N1411;N1412;N1413;N1414;N1415;N1416;N1417;N1418;N1419;N1420;N1421;N1422;N1423;N1424;N1425;N1426;N1427;N1428;N1429;N1430;N1431;N1432;N1433;N1434;N1435;N1436;N1437;N1438;N1439;N1440;N1441;N1442;N1443;N1444;N1445;N1446;N1447;N1448;N1449;N1450;N1451;N1452;N1453;N1454;N1455;N1456;N1457;N1458;N1459;N1460;N1461;N1462;N1463;N1464;N1465;N1466;N1467;N1468;N1469;N1470;N1471;N1472;N1473;N1474;N1475;N1476;N1477;N1478;N1479;N1480;N1481;N1482;N1483;N1484;N1485;N1486;N1487;N1488;N1489;N1490;N1491;N1492;N1493;N1494;N1495;N1496;N1497;N1498;N1499;N1500;N1501;N1502;N1503;N1504;N1505;N1506;N1507;N1508;N1509;N1510;N1511;N1512;N1513;N1514;N1515;N1516;N1517;N1518;N1519;N1520;N1521;N1522;N1523;N1524;N1525;N1526;N1527;N1528;N1529;N1530;N1531;N1532;N1533;N1534;N1535;N1536;N1537;N1538;N1539;N1540;N1541;N1542;N1543;N1544;N1545;N1546;N1547;N1548;N1549;N1550;N1551;N1552;N1553;N1554;N1555;N1556;N1557;N1558;N1559;N1560;N1561;N1562;N1563;N1564;N1565;N1566;N1567;N1568;N1569;N1570;N1571;N1572;N1573;N1574;N1575;N1576;N1577;N1578;N1579;N1580;N1581;N1582;N1583;N1584;N1585;N1586;N1587;N1588;N1589;N1590;N1591;N1592;N1593;N1594;N1595;N1596;N1597;N1598;N1599;N1600;N1601;N1602;N1603;N1604;N1605;N1606;N1607;N1608;N1609;N1610;N1611;N1612;N1613;N1614;N1615;N1616;N1617;N1618;N1619;N1620;N1621;N1622;N1623;N1624;N1625;N1626;N1627;N1628;N1629;N1630;N1631;N1632;N1633;N1634;N1635;N1636;N1637;N1638;N1639;N1640;N1641;N1642;N1643;N1644;N1645;N1646;N1647;N1648;N1649;N1650;N1651;N1652;N1653;N1654;N1655;N1656;N1657;N1658;N1659;N1660;N1661;N1662;N1663;N1664;N1665;N1666;N1667;N1668;N1669;N1670;N1671;N1672;N1673;N1674;N1675;N1676;N1677;N1678;N1679;N1680;N1681;N1682;N1683;N1684;N1685;N1686;N1687;N1688;N1689;N1690;N1691;N1692;N1693;N1694;N1695;N1696;N1697;N1698;N1699;N1700;N1701;N1702;N1703;N1704;N1705;N1706;N1707;N1708;N1709;N1710;N1711;N1712;N1713;N1714;N1715;N1716;N1717;N1718;N1719;N1720;N1721;N1722;N1723;N1724;N1725;N1726;N1727;N1728;N1729;N1730;N1731;N1732;N1733;N1734;N1735;N1736;N1737;N1738;N1739;N1740;N1741;N1742;N1743;N1744;N1745;N1746;N1747;N1748;N1749;N1750;N1751;N1752;N1753;N1754;N1755;N1756;N1757;N1758;N1759;N1760;N1761;N1762;N1763;N1764;N1765;N1766;N1767;N1768;N1769;N1770;N1771;N1772;N1773;N1774;N1775;N1776;N1777;N1778;N1779;N1780;N1781;N1782;N1783;N1784;N1785;N1786;N1787;N1788;N1789;N1790;N1791;N1792;N1793;N1794;N1795;N1796;N1797;N1798;N1799;N1800;N1801;N1802;N1803;N1804;N1805;N1806;N1807;N1808;N1809;N1810;N1811;N1812;N1813;N1814;N1815;N1816;N1817;N1818;N1819;N1820;N1821;N1822;N1823;N1824;N1825;N1826;N1827;N1828;N1829;N1830;N1831;N1832;N1833;N1834;N1835;N1836;N1837;N1838;N1839;N1840;N1841;N1842;N1843;N1844;N1845;N1846;N1847;N1848;N1849;N1850;N1851;N1852;N1853;N1854;N1855;N1856;N1857;N1858;N1859;N1860;N1861;N1862;N1863;N1864;N1865;N1866;N1867;N1868;N1869;N1870;N1871;N1872;N1873;N1874;N1875;N1876;N1877;N1878;N1879;N1880;N1881;N1882;N1883;N1884;N1885;N1886;N1887;N1888;N1889;N1890;N1891;N1892;N1893;N1894;N1895;N1896;N1897;N1898;N1899;N1900;N1901;N1902;N1903;N1904;N1905;N1906;N1907;N1908;N1909;N1910;N1911;N1912;N1913;N1914;N1915;N1916;N1917;N1918;N1919;N1920;N1921;N1922;N1923;N1924;N1925;N1926;N1927;N1928;N1929;N1930;N1931;N1932;N1933;N1934;N1935;N1936;N1937;N1938;N1939;N1940;N1941;N1942;N1943;N1944;N1945;N1946;N1947;N1948;N1949;N1950;N1951;N1952;N1953;N1954;N1955;N1956;N1957;N1958;N1959;N1960;N1961;N1962;N1963;N1964;N1965;N1966;N1967;N1968;N1969;N1970;N1971;N1972;N1973;N1974;N1975;N1976;N1977;N1978;N1979;N1980;N1981;N1982;N1983;N1984;N1985;N1986;N1987;N1988;N1989;N1990;N1991;N1992;N1993;N1994;N1995;N1996;N1997;N1998;N1999;N2000;N2001;N2002;N2003;N2004;N2005;N2006;N2007;N2008;N2009;N2010;N2011;N2012;N2013;N2014;N2015;N2016;N2017;N2018;N2019;N2020;N2021;N2022;N2023;N2024;N2025;N2026;N2027;N2028;N2029;N2030;N2031;N2032;N2033;N2034;N2035;N2036;N2037;N2038;N2039;N2040;N2041;N2042;N2043;N2044;N2045;N2046;N2047;N2048;N2049;N2050;N2051;N2052;N2053;N2054;N2055;N2056;N2057;N2058;N2059;N2060;N2061;N2062;N2063;N2064;N2065;N2066;N2067;N2068;N2069;N2070;N2071;N2072;N2073;N2074;N2075;N2076;N2077;N2078;N2079;N2080;N2081;N2082;N2083;N2084;N2085;N2086;N2087;N2088;N2089;N2090;N2091;N2092;N2093;N2094;N2095;N2096;N2097;N2098;N2099;N2100;N2101;N2102;N2103;N2104;N2105;N2106;N2107;N2108;N2109;N2110;N2111;N2112;N2113;N2114;N2115;N2116;N2117;N2118;N2119;N2120;N2121;N2122;N2123;N2124;N2125;N2126;N2127;N2128;N2129;N2130;N2131;N2132;N2133;N2134;N2135;N2136;N2137;N2138;N2139;N2140;N2141;N2142;N2143;N2144;N2145;N2146;N2147;N2148;N2149;N2150;N2151;N2152;N2153;N2154;N2155;N2156;N2157;N2158;N2159;N2160;N2161;N2162;N2163;N2164;N2165;N2166;N2167;N2168;N2169;N2170;N2171;N2172;N2173;N2174;N2175;N2176;N2177;N2178;N2179;N2180;N2181;N2182;N2183;N2184;N2185;N2186;N2187;N2188;N2189;N2190;N2191;N2192;N2193;N2194;N2195;N2196;N2197;N2198;N2199;N2200;N2201;N2202;N2203;N2204;N2205;N2206;N2207;N2208;N2209;N2210;N2211;N2212;N2213;N2214;N2215;N2216;N2217;N2218;N2219;N2220;N2221;N2222;N2223;N2224;N2225;N2226;N2227;N2228;N2229;N2230;N2231;N2232;N2233;N2234;N2235;N2236;N2237;N2238;N2239;N2240;N2241;N2242;N2243;N2244;N2245;N2246;N2247;N2248;N2249;N2250;N2251;N2252;N2253;N2254;N2255;N2256;N2257;N2258;N2259;N2260;N2261;N2262;N2263;N2264;N2265;N2266;N2267;N2268;N2269;N2270;N2271;N2272;N2273;N2274;N2275;N2276;N2277;N2278;N2279;N2280;N2281;N2282;N2283;N2284;N2285;N2286;N2287;N2288;N2289;N2290;N2291;N2292;N2293;N2294;N2295;N2296;N2297;N2298;N2299;N2300;N2301;N2302;N2303;N2304;N2305;N2306;N2307;N2308;N2309;N2310;N2311;N2312;N2313;N2314;N2315;N2316;N2317;N2318;N2319;N2320;N2321;N2322;N2323;N2324;N2325;N2326;N2327;N2328;N2329;N2330;N2331;N2332;N2333;N2334;N2335;N2336;N2337;N2338;N2339;N2340;N2341;N2342;N2343;N2344;N2345;N2346;N2347;N2348;N2349;N2350;N2351;N2352;N2353;N2354;N2355;N2356;N2357;N2358;N2359;N2360;N2361;N2362;N2363;N2364;N2365;N2366;N2367;N2368;N2369;N2370;N2371;N2372;N2373;N2374;N2375;N2376;N2377;N2378;N2379;N2380;N2381;N2382;N2383;N2384;N2385;N2386;N2387;N2388;N2389;N2390;N2391;N2392;N2393;N2394;N2395;N2396;N2397;N2398;N2399;N2400;N2401;N2402;N2403;N2404;N2405;N2406;N2407;N2408;N2409;N2410;N2411;N2412;N2413;N2414;N2415;N2416;N2417;N2418;N2419;N2420;N2421;N2422;N2423;N2424;N2425;N2426;N2427;N2428;N2429;N2430;N2431;N2432;N2433;N2434;N2435;N2436;N2437;N2438;N2439;N2440;N2441;N2442;N2443;N2444;N2445;N2446;N2447;N2448;N2449;N2450;N2451;N2452;N2453;N2454;N2455;N2456;N2457;N2458;N2459;N2460;N2461;N2462;N2463;N2464;N2465;N2466;N2467;N2468;N2469;N2470;N2471;N2472;N2473;N2474;N2475;N2476;N2477;N2478;N2479;N2480;N2481;N2482;N2483;N2484;N2485;N2486;N2487;N2488;N2489;N2490;N2491;N2492;N2493;N2494;N2495;N2496;N2497;N2498;N2499;N2500;N2501;N2502;N2503;N2504;N2505;N2506;N2507;N2508;N2509;N2510;N2511;N2512;N2513;N2514;N2515;N2516;N2517;N2518;N2519;N2520;N2521;N2522;N2523;N2524;N2525;N2526;N2527;N2528;N2529;N2530;N2531;N2532;N2533;N2534;N2535;N2536;N2537;N2538;N2539;N2540;N2541;N2542;N2543;N2544;N2545;N2546;N2547;N2548;N2549;N2550;N2551;N2552;N2553;N2554;N2555;N2556;N2557;N2558;N2559;N2560;N2561;N2562;N2563;N2564;N2565;N2566;N2567;N2568;N2569;N2570;N2571;N2572;N2573;N2574;N2575;N2576;N2577;N2578;N2579;N2580;N2581;N2582;N2583;N2584;N2585;N2586;N2587;N2588;N2589;N2590;N2591;N2592;N2593;N2594;N2595;N2596;N2597;N2598;N2599;N2600;N2601;N2602;N2603;N2604;N2605;N2606;N2607;N2608;N2609;N2610;N2611;N2612;N2613;N2614;N2615;N2616;N2617;N2618;N2619;N2620;N2621;N2622;N2623;N2624;N2625;N2626;N2627;N2628;N2629;N2630;N2631;N2632;N2633;N2634;N2635;N2636;N2637;N2638;N2639;N2640;N2641;N2642;N2643;N2644;N2645;N2646;N2647;N2648;N2649;N2650;N2651;N2652;N2653;N2654;N2655;N2656;N2657;N2658;N2659;N2660;N2661;N2662;N2663;N2664;N2665;N2666;N2667;N2668;N2669;N2670;N2671;N2672;N2673;N2674;N2675;N2676;N2677;N2678;N2679;N2680;N2681;N2682;N2683;N2684;N2685;N2686;N2687;N2688;N2689;N2690;N2691;N2692;N2693;N2694;N2695;N2696;N2697;N2698;N2699;N2700;N2701;N2702;N2703;N2704;N2705;N2706;N2707;N2708;N2709;N2710;N2711;N2712;N2713;N2714;N2715;N2716;N2717;N2718;N2719;N2720;N2721;N2722;N2723;N2724;N2725;N2726;N2727;N2728;N2729;N2730;N2731;N2732;N2733;N2734;N2735;N2736;N2737;N2738;N2739;N2740;N2741;N2742;N2743;N2744;N2745;N2746;N2747;N2748;N2749;N2750;N2751;N2752;N2753;N2754;N2755;N2756;N2757;N2758;N2759;N2760;N2761;N2762;N2763;N2764;N2765;N2766;N2767;N2768;N2769;N2770;N2771;N2772;N2773;N2774;N2775;N2776;N2777;N2778;N2779;N2780;N2781;N2782;N2783;N2784;N2785;N2786;N2787;N2788;N2789;N2790;N2791;N2792;N2793;N2794;N2795;N2796;N2797;N2798;N2799;N2800;N2801;N2802;N2803;N2804;N2805;N2806;N2807;N2808;N2809;N2810;N2811;N2812;N2813;N2814;N2815;N2816;N2817;N2818;N2819;N2820;N2821;N2822;N2823;N2824;N2825;N2826;N2827;N2828;N2829;N2830;N2831;N2832;N2833;N2834;N2835;N2836;N2837;N2838;N2839;N2840;N2841;N2842;N2843;N2844;N2845;N2846;N2847;N2848;N2849;N2850;N2851;N2852;N2853;N2854;N2855;N2856;N2857;N2858;N2859;N2860;N2861;N2862;N2863;N2864;N2865;N2866;N2867;N2868;N2869;N2870;N2871;N2872;N2873;N2874;N2875;N2876;N2877;N2878;N2879;N2880;N2881;N2882;N2883;N2884;N2885;N2886;N2887;N2888;N2889;N2890;N2891;N2892;N2893;N2894;N2895;N2896;N2897;N2898;N2899;N2900;N2901;N2902;N2903;N2904;N2905;N2906;N2907;N2908;N2909;N2910;N2911;N2912;N2913;N2914;N2915;N2916;N2917;N2918;N2919;N2920;N2921;N2922;N2923;N2924;N2925;N2926;N2927;N2928;N2929;N2930;N2931;N2932;N2933;N2934;N2935;N2936;N2937;N2938;N2939;N2940;N2941;N2942;N2943;N2944;N2945;N2946;N2947;N2948;N2949;N2950;N2951;N2952;N2953;N2954;N2955;N2956;N2957;N2958;N2959;N2960;N2961;N2962;N2963;N2964;N2965;N2966;N2967;N2968;N2969;N2970;N2971;N2972;N2973;N2974;N2975;N2976;N2977;N2978;N2979;N2980;N2981;N2982;N2983;N2984;N2985;N2986;N2987;N2988;N2989;N2990;N2991;N2992;N2993;N2994;N2995;N2996;N2997;N2998;N2999;N3000;N3001;N3002;N3003;N3004;N3005;N3006;N3007;N3008;N3009;N3010;N3011;N3012;N3013;N3014;N3015;N3016;N3017;N3018;N3019;N3020;N3021;N3022;N3023;N3024;N3025;N3026;N3027;N3028;N3029;N3030;N3031;N3032;N3033;N3034;N3035;N3036;N3037;N3038;N3039;N3040;N3041;N3042;N3043;N3044;N3045;N3046;N3047;N3048;N3049;N3050;N3051;N3052;N3053;N3054;N3055;N3056;N3057;N3058;N3059;N3060;N3061;N3062;N3063;N3064;N3065;N3066;N3067;N3068;N3069;N3070;N3071;N3072;N3073;N3074;N3075;N3076;N3077;N3078;N3079;N3080;N3081;N3082;N3083;N3084;N3085;N3086;N3087;N3088;N3089;N3090;N3091;N3092;N3093;N3094;N3095;N3096;N3097;N3098;N3099;N3100;N3101;N3102;N3103;N3104;N3105;N3106;N3107;N3108;N3109;N3110;N3111;N3112;N3113;N3114;N3115;N3116;N3117;N3118;N3119;N3120;N3121;N3122;N3123;N3124;N3125;N3126;N3127;N3128;N3129;N3130;N3131;N3132;N3133;N3134;N3135;N3136;N3137;N3138;N3139;N3140;N3141;N3142;N3143;N3144;N3145;N3146;N3147;N3148;N3149;N3150;N3151;N3152;N3153;N3154;N3155;N3156;N3157;N3158;N3159;N3160;N3161;N3162;N3163;N3164;N3165;N3166;N3167;N3168;N3169;N3170;N3171;N3172;N3173;N3174;N3175;N3176;N3177;N3178;N3179;N3180;N3181;N3182;N3183;N3184;N3185;N3186;N3187;N3188;N3189;N3190;N3191;N3192;N3193;N3194;N3195;N3196;N3197;N3198;N3199;N3200;N3201;N3202;N3203;N3204;N3205;N3206;N3207;N3208;N3209;N3210;N3211;N3212;N3213;N3214;N3215;N3216;N3217;N3218;N3219;N3220;N3221;N3222;N3223;N3224;N3225;N3226;N3227;N3228;N3229;N3230;N3231;N3232;N3233;N3234;N3235;N3236;N3237;N3238;N3239;N3240;N3241;N3242;N3243;N3244;N3245;N3246;N3247;N3248;N3249;N3250;N3251;N3252;N3253;N3254;N3255;N3256;N3257;N3258;N3259;N3260;N3261;N3262;N3263;N3264;N3265;N3266;N3267;N3268;N3269;N3270;N3271;N3272;N3273;N3274;N3275;N3276;N3277;N3278;N3279;N3280;N3281;N3282;N3283;N3284;N3285;N3286;N3287;N3288;N3289;N3290;N3291;N3292;N3293;N3294;N3295;N3296;N3297;N3298;N3299;N3300;N3301;N3302;N3303;N3304;N3305;N3306;N3307;N3308;N3309;N3310;N3311;N3312;N3313;N3314;N3315;N3316;N3317;N3318;N3319;N3320;N3321;N3322;N3323;N3324;N3325;N3326;N3327;N3328;N3329;N3330;N3331;N3332;N3333;N3334;N3335;N3336;N3337;N3338;N3339;N3340;N3341;N3342;N3343;N3344;N3345;N3346;N3347;N3348;N3349;N3350;N3351;N3352;N3353;N3354;N3355;N3356;N3357;N3358;N3359;N3360;N3361;N3362;N3363;N3364;N3365;N3366;N3367;N3368;N3369;N3370;N3371;N3372;N3373;N3374;N3375;N3376;N3377;N3378;N3379;N3380;N3381;N3382;N3383;N3384;N3385;N3386;N3387;N3388;N3389;N3390;N3391;N3392;N3393;N3394;N3395;N3396;N3397;N3398;N3399;N3400;N3401;N3402;N3403;N3404;N3405;N3406;N3407;N3408;N3409;N3410;N3411;N3412;N3413;N3414;N3415;N3416;N3417;N3418;N3419;N3420;N3421;N3422;N3423;N3424;N3425;N3426;N3427;N3428;N3429;N3430;N3431;N3432;N3433;N3434;N3435;N3436;N3437;N3438;N3439;N3440;N3441;N3442;N3443;N3444;N3445;N3446;N3447;N3448;N3449;N3450;N3451;N3452;N3453;N3454;N3455;N3456;N3457;N3458;N3459;N3460;N3461;N3462;N3463;N3464;N3465;N3466;N3467;N3468;N3469;N3470;N3471;N3472;N3473;N3474;N3475;N3476;N3477;N3478;N3479;N3480;N3481;N3482;N3483;N3484;N3485;N3486;N3487;N3488;N3489;N3490;N3491;N3492;N3493;N3494;N3495;N3496;N3497;N3498;N3499;N3500;N3501;N3502;N3503;N3504;N3505;N3506;N3507;N3508;N3509;N3510;N3511;N3512;N3513;N3514;N3515;N3516;N3517;N3518;N3519;N3520;N3521;N3522;N3523;N3524;N3525;N3526;N3527;N3528;N3529;N3530;N3531;N3532;N3533;N3534;N3535;N3536;N3537;N3538;N3539;N3540;N3541;N3542;N3543;N3544;N3545;N3546;N3547;N3548;N3549;N3550;N3551;N3552;N3553;N3554;N3555;N3556;N3557;N3558;N3559;N3560;N3561;N3562;N3563;N3564;N3565;N3566;N3567;N3568;N3569;N3570;N3571;N3572;N3573;N3574;N3575;N3576;N3577;N3578;N3579;N3580;N3581;N3582;N3583;N3584;N3585;N3586;N3587;N3588;N3589;N3590;N3591;N3592;N3593;N3594;N3595;N3596;N3597;N3598;N3599;N3600;N3601;N3602;N3603;N3604;N3605;N3606;N3607;N3608;N3609;N3610;N3611;N3612;N3613;N3614;N3615;N3616;N3617;N3618;N3619;N3620;N3621;N3622;N3623;N3624;N3625;N3626;N3627;N3628;N3629;N3630;N3631;N3632;N3633;N3634;N3635;N3636;N3637;N3638;N3639;N3640;N3641;N3642;N3643;N3644;N3645;N3646;N3647;N3648;N3649;N3650;N3651;N3652;N3653;N3654;N3655;N3656;N3657;N3658;N3659;N3660;N3661;N3662;N3663;N3664;N3665;N3666;N3667;N3668;N3669;N3670;N3671;N3672;N3673;N3674;N3675;N3676;N3677;N3678;N3679;N3680;N3681;N3682;N3683;N3684;N3685;N3686;N3687;N3688;N3689;N3690;N3691;N3692;N3693;N3694;N3695;N3696;N3697;N3698;N3699;N3700;N3701;N3702;N3703;N3704;N3705;N3706;N3707;N3708;N3709;N3710;N3711;N3712;N3713;N3714;N3715;N3716;N3717;N3718;N3719;N3720;N3721;N3722;N3723;N3724;N3725;N3726;N3727;N3728;N3729;N3730;N3731;N3732;N3733;N3734;N3735;N3736;N3737;N3738;N3739;N3740;N3741;N3742;N3743;N3744;N3745;N3746;N3747;N3748;N3749;N3750;N3751;N3752;N3753;N3754;N3755;N3756;N3757;N3758;N3759;N3760;N3761;N3762;N3763;N3764;N3765;N3766;N3767;N3768;N3769;N3770;N3771;N3772;N3773;N3774;N3775;N3776;N3777;N3778;N3779;N3780;N3781;N3782;N3783;N3784;N3785;N3786;N3787;N3788;N3789;N3790;N3791;N3792;N3793;N3794;N3795;N3796;N3797;N3798;N3799;N3800;N3801;N3802;N3803;N3804;N3805;N3806;N3807;N3808;N3809;N3810;N3811;N3812;N3813;N3814;N3815;N3816;N3817;N3818;N3819;N3820;N3821;N3822;N3823;N3824;N3825;N3826;N3827;N3828;N3829;N3830;N3831;N3832;N3833;N3834;N3835;N3836;N3837;N3838;N3839;N3840;N3841;N3842;N3843;N3844;N3845;N3846;N3847;N3848;N3849;N3850;N3851;N3852;N3853;N3854;N3855;N3856;N3857;N3858;N3859;N3860;N3861;N3862;N3863;N3864;N3865;N3866;N3867;N3868;N3869;N3870;N3871;N3872;N3873;N3874;N3875;N3876;N3877;N3878;N3879;N3880;N3881;N3882;N3883;N3884;N3885;N3886;N3887;N3888;N3889;N3890;N3891;N3892;N3893;N3894;N3895;N3896;N3897;N3898;N3899;N3900;N3901;N3902;N3903;N3904;N3905;N3906;N3907;N3908;N3909;N3910;N3911;N3912;N3913;N3914;N3915;N3916;N3917;N3918;N3919;N3920;N3921;N3922;N3923;N3924;N3925;N3926;N3927;N3928;N3929;N3930;N3931;N3932;N3933;N3934;N3935;N3936;N3937;N3938;N3939;N3940;N3941;N3942;N3943;N3944;N3945;N3946;N3947;N3948;N3949;N3950;N3951;N3952;N3953;N3954;N3955;N3956;N3957;N3958;N3959;N3960;N3961;N3962;N3963;N3964;N3965;N3966;N3967;N3968;N3969;N3970;N3971;N3972;N3973;N3974;N3975;N3976;N3977;N3978;N3979;N3980;N3981;N3982;N3983;N3984;N3985;N3986;N3987;N3988;N3989;N3990;N3991;N3992;N3993;N3994;N3995;N3996;N3997;N3998;N3999;N4000;N4001;N4002;N4003;N4004;N4005;N4006;N4007;N4008;N4009;N4010;N4011;N4012;N4013;N4014;N4015;N4016;N4017;N4018;N4019;N4020;N4021;N4022;N4023;N4024;N4025;N4026;N4027;N4028;N4029;N4030;N4031;N4032;N4033;N4034;N4035;N4036;N4037;N4038;N4039;N4040;N4041;N4042;N4043;N4044;N4045;N4046;N4047;N4048;N4049;N4050;N4051;N4052;N4053;N4054;N4055;N4056;N4057;N4058;N4059;N4060;N4061;N4062;N4063;N4064;N4065;N4066;N4067;N4068;N4069;N4070;N4071;N4072;N4073;N4074;N4075;N4076;N4077;N4078;N4079;N4080;N4081;N4082;N4083;N4084;N4085;N4086;N4087;N4088;N4089;N4090;N4091;N4092;N4093;N4094;N4095;N4096;N4097;N4098;N4099;N4100;N4101;N4102;N4103;N4104;N4105;N4106;N4107;N4108;N4109;N4110;N4111;N4112;N4113;N4114;N4115;N4116;N4117;N4118;N4119;N4120;N4121;N4122;N4123;N4124;N4125;N4126;N4127;N4128;N4129;N4130;N4131;N4132;N4133;N4134;N4135;N4136;N4137;N4138;N4139;N4140;N4141;N4142;N4143;N4144;N4145;N4146;N4147;N4148;N4149;N4150;N4151;N4152;N4153;N4154;N4155;N4156;N4157;N4158;N4159;N4160;N4161;N4162;N4163;N4164;N4165;N4166;N4167;N4168;N4169;N4170;N4171;N4172;N4173;N4174;N4175;N4176;N4177;N4178;N4179;N4180;N4181;N4182;N4183;N4184;N4185;N4186;N4187;N4188;N4189;N4190;N4191;N4192;N4193;N4194;N4195;N4196;N4197;N4198;N4199;N4200;N4201;N4202;N4203;N4204;N4205;N4206;N4207;N4208;N4209;N4210;N4211;N4212;N4213;N4214;N4215;N4216;N4217;N4218;N4219;N4220;N4221;N4222;N4223;N4224;N4225;N4226;N4227;N4228;N4229;N4230;N4231;N4232;N4233;N4234;N4235;N4236;N4237;N4238;N4239;N4240;N4241;N4242;N4243;N4244;N4245;N4246;N4247;N4248;N4249;N4250;N4251;N4252;N4253;N4254;N4255;N4256;N4257;N4258;N4259;N4260;N4261;N4262;N4263;N4264;N4265;N4266;N4267;N4268;N4269;N4270;N4271;N4272;N4273;N4274;N4275;N4276;N4277;N4278;N4279;N4280;N4281;N4282;N4283;N4284;N4285;N4286;N4287;N4288;N4289;N4290;N4291;N4292;N4293;N4294;N4295;N4296;N4297;N4298;N4299;N4300;N4301;N4302;N4303;N4304;N4305;N4306;N4307;N4308;N4309;N4310;N4311;N4312;N4313;N4314;N4315;N4316;N4317;N4318;N4319;N4320;N4321;N4322;N4323;N4324;N4325;N4326;N4327;N4328;N4329;N4330;N4331;N4332;N4333;N4334;N4335;N4336;N4337;N4338;N4339;N4340;N4341;N4342;N4343;N4344;N4345;N4346;N4347;N4348;N4349;N4350;N4351;N4352;N4353;N4354;N4355;N4356;N4357;N4358;N4359;N4360;N4361;N4362;N4363;N4364;N4365;N4366;N4367;N4368;N4369;N4370;N4371;N4372;N4373;N4374;N4375;N4376;N4377;N4378;N4379;N4380;N4381;N4382;N4383;N4384;N4385;N4386;N4387;N4388;N4389;N4390;N4391;N4392;N4393;N4394;N4395;N4396;N4397;N4398;N4399;N4400;N4401;N4402;N4403;N4404;N4405;N4406;N4407;N4408;N4409;N4410;N4411;N4412;N4413;N4414;N4415;N4416;N4417;N4418;N4419;N4420;N4421;N4422;N4423;N4424;N4425;N4426;N4427;N4428;N4429;N4430;N4431;N4432;N4433;N4434;N4435;N4436;N4437;N4438;N4439;N4440;N4441;N4442;N4443;N4444;N4445;N4446;N4447;N4448;N4449;N4450;N4451;N4452;N4453;N4454;N4455;N4456;N4457;N4458;N4459;N4460;N4461;N4462;N4463;N4464;N4465;N4466;N4467;N4468;N4469;N4470;N4471;N4472;N4473;N4474;N4475;N4476;N4477;N4478;N4479;N4480;N4481;N4482;N4483;N4484;N4485;N4486;N4487;N4488;N4489;N4490;N4491;N4492;N4493;N4494;N4495;N4496;N4497;N4498;N4499;N4500;N4501;N4502;N4503;N4504;N4505;N4506;N4507;N4508;N4509;N4510;N4511;N4512;N4513;N4514;N4515;N4516;N4517;N4518;N4519;N4520;N4521;N4522;N4523;N4524;N4525;N4526;N4527;N4528;N4529;N4530;N4531;N4532;N4533;N4534;N4535;N4536;N4537;N4538;N4539;N4540;N4541;N4542;N4543;N4544;N4545;N4546;N4547;N4548;N4549;N4550;N4551;N4552;N4553;N4554;N4555;N4556;N4557;N4558;N4559;N4560;N4561;N4562;N4563;N4564;N4565;N4566;N4567;N4568;N4569;N4570;N4571;N4572;N4573;N4574;N4575;N4576;N4577;N4578;N4579;N4580;N4581;N4582;N4583;N4584;N4585;N4586;N4587;N4588;N4589;N4590;N4591;N4592;N4593;N4594;N4595;N4596;N4597;N4598;N4599;N4600;N4601;N4602;N4603;N4604;N4605;N4606;N4607;N4608;N4609;N4610;N4611;N4612;N4613;N4614;N4615;N4616;N4617;N4618;N4619;N4620;N4621;N4622;N4623;N4624;N4625;N4626;N4627;N4628;N4629;N4630;N4631;N4632;N4633;N4634;N4635;N4636;N4637;N4638;N4639;N4640;N4641;N4642;N4643;N4644;N4645;N4646;N4647;N4648;N4649;N4650;N4651;N4652;N4653;N4654;N4655;N4656;N4657;N4658;N4659;N4660;N4661;N4662;N4663;N4664;N4665;N4666;N4667;N4668;N4669;N4670;N4671;N4672;N4673;N4674;N4675;N4676;N4677;N4678;N4679;N4680;N4681;N4682;N4683;N4684;N4685;N4686;N4687;N4688;N4689;N4690;N4691;N4692;N4693;N4694;N4695;N4696;N4697;N4698;N4699;N4700;N4701;N4702;N4703;N4704;N4705;N4706;N4707;N4708;N4709;N4710;N4711;N4712;N4713;N4714;N4715;N4716;N4717;N4718;N4719;N4720;N4721;N4722;N4723;N4724;N4725;N4726;N4727;N4728;N4729;N4730;N4731;N4732;N4733;N4734;N4735;N4736;N4737;N4738;N4739;N4740;N4741;N4742;N4743;N4744;N4745;N4746;N4747;N4748;N4749;N4750;N4751;N4752;N4753;N4754;N4755;N4756;N4757;N4758;N4759;N4760;N4761;N4762;N4763;N4764;N4765;N4766;N4767;N4768;N4769;N4770;N4771;N4772;N4773;N4774;N4775;N4776;N4777;N4778;N4779;N4780;N4781;N4782;N4783;N4784;N4785;N4786;N4787;N4788;N4789;N4790;N4791;N4792;N4793;N4794;N4795;N4796;N4797;N4798;N4799;N4800;N4801;N4802;N4803;N4804;N4805;N4806;N4807;N4808;N4809;N4810;N4811;N4812;N4813;N4814;N4815;N4816;N4817;N4818;N4819;N4820;N4821;N4822;N4823;N4824;N4825;N4826;N4827;N4828;N4829;N4830;N4831;N4832;N4833;N4834;N4835;N4836;N4837;N4838;N4839;N4840;N4841;N4842;N4843;N4844;N4845;N4846;N4847;N4848;N4849;N4850;N4851;N4852;N4853;N4854;N4855;N4856;N4857;N4858;N4859;N4860;N4861;N4862;N4863;N4864;N4865;N4866;N4867;N4868;N4869;N4870;N4871;N4872;N4873;N4874;N4875;N4876;N4877;N4878;N4879;N4880;N4881;N4882;N4883;N4884;N4885;N4886;N4887;N4888;N4889;N4890;N4891;N4892;N4893;N4894;N4895;N4896;N4897;N4898;N4899;N4900;N4901;N4902;N4903;N4904;N4905;N4906;N4907;N4908;N4909;N4910;N4911;N4912;N4913;N4914;N4915;N4916;N4917;N4918;N4919;N4920;N4921;N4922;N4923;N4924;N4925;N4926;N4927;N4928;N4929;N4930;N4931;N4932;N4933;N4934;N4935;N4936;N4937;N4938;N4939;N4940;N4941;N4942;N4943;N4944;N4945;N4946;N4947;N4948;N4949;N4950;N4951;N4952;N4953;N4954;N4955;N4956;N4957;N4958;N4959;N4960;N4961;N4962;N4963;N4964;N4965;N4966;N4967;N4968;N4969;N4970;N4971;N4972;N4973;N4974;N4975;N4976;N4977;N4978;N4979;N4980;N4981;N4982;N4983;N4984;N4985;N4986;N4987;N4988;N4989;N4990;N4991;N4992;N4993;N4994;N4995;N4996;N4997;N4998;N4999;N5000;N5001;N5002;N5003;N5004;N5005;N5006;N5007;N5008;N5009;N5010;N5011;N5012;N5013;N5014;N5015;N5016;N5017;N5018;N5019;N5020;N5021;N5022;N5023;N5024;N5025;N5026;N5027;N5028;N5029;N5030;N5031;N5032;N5033;N5034;N5035;N5036;N5037;N5038;N5039;N5040;N5041;N5042;N5043;N5044;N5045;N5046;N5047;N5048;N5049;N5050;N5051;N5052;N5053;N5054;N5055;N5056;N5057;N5058;N5059;N5060;N5061;N5062;N5063;N5064;N5065;N5066;N5067;N5068;N5069;N5070;N5071;N5072;N5073;N5074;N5075;N5076;N5077;N5078;N5079;N5080;N5081;N5082;N5083;N5084;N5085;N5086;N5087;N5088;N5089;N5090;N5091;N5092;N5093;N5094;N5095;N5096;N5097;N5098;N5099;N5100;N5101;N5102;N5103;N5104;N5105;N5106;N5107;N5108;N5109;N5110;N5111;N5112;N5113;N5114;N5115;N5116;N5117;N5118;N5119;N5120;N5121;N5122;N5123;N5124;N5125;N5126;N5127;N5128;N5129;N5130;N5131;N5132;N5133;N5134;N5135;N5136;N5137;N5138;N5139;N5140;N5141;N5142;N5143;N5144;N5145;N5146;N5147;N5148;N5149;N5150;N5151;N5152;N5153;N5154;N5155;N5156;N5157;N5158;N5159;N5160;N5161;N5162;N5163;N5164;N5165;N5166;N5167;N5168;N5169;N5170;N5171;N5172;N5173;N5174;N5175;N5176;N5177;N5178;N5179;N5180;N5181;N5182;N5183;N5184;N5185;N5186;N5187;N5188;N5189;N5190;N5191;N5192;N5193;N5194;N5195;N5196;N5197;N5198;N5199;N5200;N5201;N5202;N5203;N5204;N5205;N5206;N5207;N5208;N5209;N5210;N5211;N5212;N5213;N5214;N5215;N5216;N5217;N5218;N5219;N5220;N5221;N5222;N5223;N5224;N5225;N5226;N5227;N5228;N5229;N5230;N5231;N5232;N5233;N5234;N5235;N5236;N5237;N5238;N5239;N5240;N5241;N5242;N5243;N5244;N5245;N5246;N5247;N5248;N5249;N5250;N5251;N5252;N5253;N5254;N5255;N5256;N5257;N5258;N5259;N5260;N5261;N5262;N5263;N5264;N5265;N5266;N5267;N5268;N5269;N5270;N5271;N5272;N5273;N5274;N5275;N5276;N5277;N5278;N5279;N5280;N5281;N5282;N5283;N5284;N5285;N5286;N5287;N5288;N5289;N5290;N5291;N5292;N5293;N5294;N5295;N5296;N5297;N5298;N5299;N5300;N5301;N5302;N5303;N5304;N5305;N5306;N5307;N5308;N5309;N5310;N5311;N5312;N5313;N5314;N5315;N5316;N5317;N5318;N5319;N5320;N5321;N5322;N5323;N5324;N5325;N5326;N5327;N5328;N5329;N5330;N5331;N5332;N5333;N5334;N5335;N5336;N5337;N5338;N5339;N5340;N5341;N5342;N5343;N5344;N5345;N5346;N5347;N5348;N5349;N5350;N5351;N5352;N5353;N5354;N5355;N5356;N5357;N5358;N5359;N5360;N5361;N5362;N5363;N5364;N5365;N5366;N5367;N5368;N5369;N5370;N5371;N5372;N5373;N5374;N5375;N5376;N5377;N5378;N5379;N5380;N5381;N5382;N5383;N5384;N5385;N5386;N5387;N5388;N5389;N5390;N5391;N5392;N5393;N5394;N5395;N5396;N5397;N5398;N5399;N5400;N5401;N5402;N5403;N5404;N5405;N5406;N5407;N5408;N5409;N5410;N5411;N5412;N5413;N5414;N5415;N5416;N5417;N5418;N5419;N5420;N5421;N5422;N5423;N5424;N5425;N5426;N5427;N5428;N5429;N5430;N5431;N5432;N5433;N5434;N5435;N5436;N5437;N5438;N5439;N5440;N5441;N5442;N5443;N5444;N5445;N5446;N5447;N5448;N5449;N5450;N5451;N5452;N5453;N5454;N5455;N5456;N5457;N5458;N5459;N5460;N5461;N5462;N5463;N5464;N5465;N5466;N5467;N5468;N5469;N5470;N5471;N5472;N5473;N5474;N5475;N5476;N5477;N5478;N5479;N5480;N5481;N5482;N5483;N5484;N5485;N5486;N5487;N5488;N5489;N5490;N5491;N5492;N5493;N5494;N5495;N5496;N5497;N5498;N5499;N5500;N5501;N5502;N5503;N5504;N5505;N5506;N5507;N5508;N5509;N5510;N5511;N5512;N5513;N5514;N5515;N5516;N5517;N5518;N5519;N5520;N5521;N5522;N5523;N5524;N5525;N5526;N5527;N5528;N5529;N5530;N5531;N5532;N5533;N5534;N5535;N5536;N5537;N5538;N5539;N5540;N5541;N5542;N5543;N5544;N5545;N5546;N5547;N5548;N5549;N5550;N5551;N5552;N5553;N5554;N5555;N5556;N5557;N5558;N5559;N5560;N5561;N5562;N5563;N5564;N5565;N5566;N5567;N5568;N5569;N5570;N5571;N5572;N5573;N5574;N5575;N5576;N5577;N5578;N5579;N5580;N5581;N5582;N5583;N5584;N5585;N5586;N5587;N5588;N5589;N5590;N5591;N5592;N5593;N5594;N5595;N5596;N5597;N5598;N5599;N5600;N5601;N5602;N5603;N5604;N5605;N5606;N5607;N5608;N5609;N5610;N5611;N5612;N5613;N5614;N5615;N5616;N5617;N5618;N5619;N5620;N5621;N5622;N5623;N5624;N5625;N5626;N5627;N5628;N5629;N5630;N5631;N5632;N5633;N5634;N5635;N5636;N5637;N5638;N5639;N5640;N5641;N5642;N5643;N5644;N5645;N5646;N5647;N5648;N5649;N5650;N5651;N5652;N5653;N5654;N5655;N5656;N5657;N5658;N5659;N5660;N5661;N5662;N5663;N5664;N5665;N5666;N5667;N5668;N5669;N5670;N5671;N5672;N5673;N5674;N5675;N5676;N5677;N5678;N5679;N5680;N5681;N5682;N5683;N5684;N5685;N5686;N5687;N5688;N5689;N5690;N5691;N5692;N5693;N5694;N5695;N5696;N5697;N5698;N5699;N5700;N5701;N5702;N5703;N5704;N5705;N5706;N5707;N5708;N5709;N5710;N5711;N5712;N5713;N5714;N5715;N5716;N5717;N5718;N5719;N5720;N5721;N5722;N5723;N5724;N5725;N5726;N5727;N5728;N5729;N5730;N5731;N5732;N5733;N5734;N5735;N5736;N5737;N5738;N5739;N5740;N5741;N5742;N5743;N5744;N5745;N5746;N5747;N5748;N5749;N5750;N5751;N5752;N5753;N5754;N5755;N5756;N5757;N5758;N5759;N5760;N5761;N5762;N5763;N5764;N5765;N5766;N5767;N5768;N5769;N5770;N5771;N5772;N5773;N5774;N5775;N5776;N5777;N5778;N5779;N5780;N5781;N5782;N5783;N5784;N5785;N5786;N5787;N5788;N5789;N5790;N5791;N5792;N5793;N5794;N5795;N5796;N5797;N5798;N5799;N5800;N5801;N5802;N5803;N5804;N5805;N5806;N5807;N5808;N5809;N5810;N5811;N5812;N5813;N5814;N5815;N5816;N5817;N5818;N5819;N5820;N5821;N5822;N5823;N5824;N5825;N5826;N5827;N5828;N5829;N5830;N5831;N5832;N5833;N5834;N5835;N5836;N5837;N5838;N5839;N5840;N5841;N5842;N5843;N5844;N5845;N5846;N5847;N5848;N5849;N5850;N5851;N5852;N5853;N5854;N5855;N5856;N5857;N5858;N5859;N5860;N5861;N5862;N5863;N5864;N5865;N5866;N5867;N5868;N5869;N5870;N5871;N5872;N5873;N5874;N5875;N5876;N5877;N5878;N5879;N5880;N5881;N5882;N5883;N5884;N5885;N5886;N5887;N5888;N5889;N5890;N5891;N5892;N5893;N5894;N5895;N5896;N5897;N5898;N5899;N5900;N5901;N5902;N5903;N5904;N5905;N5906;N5907;N5908;N5909;N5910;N5911;N5912;N5913;N5914;N5915;N5916;N5917;N5918;N5919;N5920;N5921;N5922;N5923;N5924;N5925;N5926;N5927;N5928;N5929;N5930;N5931;N5932;N5933;N5934;N5935;N5936;N5937;N5938;N5939;N5940;N5941;N5942;N5943;N5944;N5945;N5946;N5947;N5948;N5949;N5950;N5951;N5952;N5953;N5954;N5955;N5956;N5957;N5958;N5959;N5960;N5961;N5962;N5963;N5964;N5965;N5966;N5967;N5968;N5969;N5970;N5971;N5972;N5973;N5974;N5975;N5976;N5977;N5978;N5979;N5980;N5981;N5982;N5983;N5984;N5985;N5986;N5987;N5988;N5989;N5990;N5991;N5992;N5993;N5994;N5995;N5996;N5997;N5998;N5999;N6000;N6001;N6002;N6003;N6004;N6005;N6006;N6007;N6008;N6009;N6010;N6011;N6012;N6013;N6014;N6015;N6016;N6017;N6018;N6019;N6020;N6021;N6022;N6023;N6024;N6025;N6026;N6027;N6028;N6029;N6030;N6031;N6032;N6033;N6034;N6035;N6036;N6037;N6038;N6039;N6040;N6041;N6042;N6043;N6044;N6045;N6046;N6047;N6048;N6049;N6050;N6051;N6052;N6053;N6054;N6055;N6056;N6057;N6058;N6059;N6060;N6061;N6062;N6063;N6064;N6065;N6066;N6067;N6068;N6069;N6070;N6071;N6072;N6073;N6074;N6075;N6076;N6077;N6078;N6079;N6080;N6081;N6082;N6083;N6084;N6085;N6086;N6087;N6088;N6089;N6090;N6091;N6092;N6093;N6094;N6095;N6096;N6097;N6098;N6099;N6100;N6101;N6102;N6103;N6104;N6105;N6106;N6107;N6108;N6109;N6110;N6111;N6112;N6113;N6114;N6115;N6116;N6117;N6118;N6119;N6120;N6121;N6122;N6123;N6124;N6125;N6126;N6127;N6128;N6129;N6130;N6131;N6132;N6133;N6134;N6135;N6136;N6137;N6138;N6139;N6140;N6141;N6142;N6143;N6144;N6145;N6146;N6147;N6148;N6149;N6150;N6151;N6152;N6153;N6154;N6155;N6156;N6157;N6158;N6159;N6160;N6161;N6162;N6163;N6164;N6165;N6166;N6167;N6168;N6169;N6170;N6171;N6172;N6173;N6174;N6175;N6176;N6177;N6178;N6179;N6180;N6181;N6182;N6183;N6184;N6185;N6186;N6187;N6188;N6189;N6190;N6191;N6192;N6193;N6194;N6195;N6196;N6197;N6198;N6199;N6200;N6201;N6202;N6203;N6204;N6205;N6206;N6207;N6208;N6209;N6210;N6211;N6212;N6213;N6214;N6215;N6216;N6217;N6218;N6219;N6220;N6221;N6222;N6223;N6224;N6225;N6226;N6227;N6228;N6229;N6230;N6231;N6232;N6233;N6234;N6235;N6236;N6237;N6238;N6239;N6240;N6241;N6242;N6243;N6244;N6245;N6246;N6247;N6248;N6249;N6250;N6251;N6252;N6253;N6254;N6255;N6256;N6257;N6258;N6259;N6260;N6261;N6262;N6263;N6264;N6265;N6266;N6267;N6268;N6269;N6270;N6271;N6272;N6273;N6274;N6275;N6276;N6277;N6278;N6279;N6280;N6281;N6282;N6283;N6284;N6285;N6286;N6287;N6288;N6289;N6290;N6291;N6292;N6293;N6294;N6295;N6296;N6297;N6298;N6299;N6300;N6301;N6302;N6303;N6304;N6305;N6306;N6307;N6308;N6309;N6310;N6311;N6312;N6313;N6314;N6315;N6316;N6317;N6318;N6319;N6320;N6321;N6322;N6323;N6324;N6325;N6326;N6327;N6328;N6329;N6330;N6331;N6332;N6333;N6334;N6335;N6336;N6337;N6338;N6339;N6340;N6341;N6342;N6343;N6344;N6345;N6346;N6347;N6348;N6349;N6350;N6351;N6352;N6353;N6354;N6355;N6356;N6357;N6358;N6359;N6360;N6361;N6362;N6363;N6364;N6365;N6366;N6367;N6368;N6369;N6370;N6371;N6372;N6373;N6374;N6375;N6376;N6377;N6378;N6379;N6380;N6381;N6382;N6383;N6384;N6385;N6386;N6387;N6388;N6389;N6390;N6391;N6392;N6393;N6394;N6395;N6396;N6397;N6398;N6399;N6400;N6401;N6402;N6403;N6404;N6405;N6406;N6407;N6408;N6409;N6410;N6411;N6412;N6413;N6414;N6415;N6416;N6417;N6418;N6419;N6420;N6421;N6422;N6423;N6424;N6425;N6426;N6427;N6428;N6429;N6430;N6431;N6432;N6433;N6434;N6435;N6436;N6437;N6438;N6439;N6440;N6441;N6442;N6443;N6444;N6445;N6446;N6447;N6448;N6449;N6450;N6451;N6452;N6453;N6454;N6455;N6456;N6457;N6458;N6459;N6460;N6461;N6462;N6463;N6464;N6465;N6466;N6467;N6468;N6469;N6470;N6471;N6472;N6473;N6474;N6475;N6476;N6477;N6478;N6479;N6480;N6481;N6482;N6483;N6484;N6485;N6486;N6487;N6488;N6489;N6490;N6491;N6492;N6493;N6494;N6495;N6496;N6497;N6498;N6499;N6500;N6501;N6502;N6503;N6504;N6505;N6506;N6507;N6508;N6509;N6510;N6511;N6512;N6513;N6514;N6515;N6516;N6517;N6518;N6519;N6520;N6521;N6522;N6523;N6524;N6525;N6526;N6527;N6528;N6529;N6530;N6531;N6532;N6533,6462.0,108592.0,010,2
011-000,wreath_6/6,C;A;C;A;A;A;B;B;B;B,8.533333333333333,8.533333333333333,011,0
012-000,wreath_7/7,C;A;C;A;A;A;A;B;B;B;B;B,9.23076923076923,9.23076923076923,012,0
013-000,wreath_12/12,C;A;A;C;A;A;A;A;A;A;A;A;B;B;B;B;B;B;B;B;B;B,18.285714285714285,18.285714285714285,013,0
014-000,wreath_21/21,C;A;A;A;A;A;C;A;A;A;A;A;A;A;A;A;A;A;A;A;A;B;B;B;B;B;B;B;B;B;B;B;B;B;B;B;B;B;B;B,35.2,3391.4,014,0
015-000,wreath_33/33,C;A;A;A;A;A;A;A;A;C;A;A;A;A;A;A;A;A;A;A;A;A;A;A;A;A;A;A;A;A;A;A;A;B;B;B;B;B;B;B;B;B;B;B;B;B;B;B;B;B;B;B;B;B;B;B;B;B;B;B;B;B;B;B,75.0,4210.5,015,0
017-000,globe_1/8,A;A;C;C;E;E;G;G;I;I;K;K;M;M;O;O;B;B;D;D;F;F;H;H;J;J;L;L;N;N;P;P,43.75,219.0,017,0
017-001,globe_1/8,N0;N1;N2;N3;N4;N5;N6;N7;N8;N9;N10;N11;N12;N13;N14;N15;N16;N17;N18;N19;N20;N21;N22;N23;N24;N25;N26;N27;N28;N29;N30;N31,56.2,199.4,017,1
018-000,globe_1/16,A;A;A;A;C;C;C;C;E;E;E;E;G;G;G;G;I;I;I;I;K;K;K;K;M;M;M;M;O;O;O;O;B;B;B;B;D;D;D;D;F;F;F;F;H;H;H;H;J;J;J;J;L;L;L;L;N;N;N;N;P;P;P;P,108.0,459.0,018,0
019-000,globe_2/6,A;A;A;D;D;D;G;G;G;J;J;J;B;B;B;E;E;E;H;H;H;K;K;K;C;C;C;F;F;F;I;I;I;L;L;L,23.333333333333332,375.6666666666667,019,0
020-000,globe_3/4,A;A;C;C;E;E;G;G;A;A;C;C;E;E;G;G;B;B;D;D;F;F;H;H;B;B;D;D;F;F;H;H,28.0,378.2857142857143,020,0
020-001,globe_3/4,N0;N1;N2;N3;N4;N5;N6;N7;N8;N9;N10;N11;N12;N13;N14;N15;N16;N17;N18;N19;N20;N21;N22;N23;N24;N25;N26;N27;N28;N29;N30;N31,40.333333333333336,4349.333333333333,020,1
021-000,globe_6/4,A;A;D;D;G;G;J;J;A;A;D;D;G;G;J;J;A;A;D;D;G;G;J;J;B;B;E;E;H;H;K;K;C;C;F;F;I;I;L;L;C;C;F;F;I;I;L;L;C;C;F;F;I;I;L;L,50.5,2863.75,021,0
022-000,globe_6/8,A;A;D;D;G;G;J;J;M;M;P;P;S;S;V;V;A;A;D;D;G;G;J;J;M;M;P;P;S;S;V;V;A;A;D;D;G;G;J;J;M;M;P;P;S;S;V;V;B;B;E;E;H;H;K;K;N;N;Q;Q;T;T;W;W;C;C;F;F;I;I;L;L;O;O;R;R;U;U;X;X;C;C;F;F;I;I;L;L;O;O;R;R;U;U;X;X;C;C;F;F;I;I;L;L;O;O;R;R;U;U;X;X,162.25,2865.75,022,0
023-000,globe_6/10,A;A;A;A;D;D;D;D;G;G;G;G;J;J;J;J;M;M;M;M;A;A;A;A;D;D;D;D;G;G;G;G;J;J;J;J;M;M;M;M;A;A;A;A;D;D;D;D;G;G;G;G;J;J;J;J;M;M;M;M;B;B;B;B;E;E;E;E;H;H;H;H;K;K;K;K;N;N;N;N;C;C;C;C;F;F;F;F;I;I;I;I;L;L;L;L;O;O;O;O;C;C;C;C;F;F;F;F;I;I;I;I;L;L;L;L;O;O;O;O;C;C;C;C;F;F;F;F;I;I;I;I;L;L;L;L;O;O;O;O,169.0,3425.0,023,0
024-000,globe_3/33,A;A;A;A;A;A;C;C;C;C;C;C;E;E;E;E;E;E;G;G;G;G;G;G;I;I;I;I;I;I;K;K;K;K;K;K;M;M;M;M;M;M;O;O;O;O;O;O;Q;Q;Q;Q;Q;Q;S;S;S;S;S;S;U;U;U;U;U;U;A;A;A;A;A;A;C;C;C;C;C;C;E;E;E;E;E;E;G;G;G;G;G;G;I;I;I;I;I;I;K;K;K;K;K;K;M;M;M;M;M;M;O;O;O;O;O;O;Q;Q;Q;Q;Q;Q;S;S;S;S;S;S;U;U;U;U;U;U;B;B;B;B;B;B;D;D;D;D;D;D;F;F;F;F;F;F;H;H;H;H;H;H;J;J;J;J;J;J;L;L;L;L;L;L;N;N;N;N;N;N;P;P;P;P;P;P;R;R;R;R;R;R;T;T;T;T;T;T;V;V;V;V;V;V;B;B;B;B;B;B;D;D;D;D;D;D;F;F;F;F;F;F;H;H;H;H;H;H;J;J;J;J;J;J;L;L;L;L;L;L;N;N;N;N;N;N;P;P;P;P;P;P;R;R;R;R;R;R;T;T;T;T;T;T;V;V;V;V;V;V,583.8,27613.4,024,0
024-001,globe_3/33,N0;N1;N2;N3;N4;N5;N6;N7;N8;N9;N10;N11;N12;N13;N14;N15;N16;N17;N18;N19;N20;N21;N22;N23;N24;N25;N26;N27;N28;N29;N30;N31;N32;N33;N34;N35;N36;N37;N38;N39;N40;N41;N42;N43;N44;N45;N46;N47;N48;N49;N50;N51;N52;N53;N54;N55;N56;N57;N58;N59;N60;N61;N62;N63;N64;N65;N66;N67;N68;N69;N70;N71;N72;N73;N74;N75;N76;N77;N78;N79;N80;N81;N82;N83;N84;N85;N86;N87;N88;N89;N90;N91;N92;N93;N94;N95;N96;N97;N98;N99;N100;N101;N102;N103;N104;N105;N106;N107;N108;N109;N110;N111;N112;N113;N114;N115;N116;N117;N118;N119;N120;N121;N122;N123;N124;N125;N126;N127;N128;N129;N130;N131;N132;N133;N134;N135;N136;N137;N138;N139;N140;N141;N142;N143;N144;N145;N146;N147;N148;N149;N150;N151;N152;N153;N154;N155;N156;N157;N158;N159;N160;N161;N162;N163;N164;N165;N166;N167;N168;N169;N170;N171;N172;N173;N174;N175;N176;N177;N178;N179;N180;N181;N182;N183;N184;N185;N186;N187;N188;N189;N190;N191;N192;N193;N194;N195;N196;N197;N198;N199;N200;N201;N202;N203;N204;N205;N206;N207;N208;N209;N210;N211;N212;N213;N214;N215;N216;N217;N218;N219;N220;N221;N222;N223;N224;N225;N226;N227;N228;N229;N230;N231;N232;N233;N234;N235;N236;N237;N238;N239;N240;N241;N242;N243;N244;N245;N246;N247;N248;N249;N250;N251;N252;N253;N254;N255;N256;N257;N258;N259;N260;N261;N262;N263,852.5,29310.5,024,1
025-000,globe_8/25,A;A;A;A;A;D;D;D;D;D;G;G;G;G;G;J;J;J;J;J;M;M;M;M;M;P;P;P;P;P;S;S;S;S;S;V;V;V;V;V;Y;Y;Y;Y;Y;b;b;b;b;b;A;A;A;A;A;D;D;D;D;D;G;G;G;G;G;J;J;J;J;J;M;M;M;M;M;P;P;P;P;P;S;S;S;S;S;V;V;V;V;V;Y;Y;Y;Y;Y;b;b;b;b;b;A;A;A;A;A;D;D;D;D;D;G;G;G;G;G;J;J;J;J;J;M;M;M;M;M;P;P;P;P;P;S;S;S;S;S;V;V;V;V;V;Y;Y;Y;Y;Y;b;b;b;b;b;A;A;A;A;A;D;D;D;D;D;G;G;G;G;G;J;J;J;J;J;M;M;M;M;M;P;P;P;P;P;S;S;S;S;S;V;V;V;V;V;Y;Y;Y;Y;Y;b;b;b;b;b;B;B;B;B;B;E;E;E;E;E;H;H;H;H;H;K;K;K;K;K;N;N;N;N;N;Q;Q;Q;Q;Q;T;T;T;T;T;W;W;W;W;W;Z;Z;Z;Z;Z;c;c;c;c;c;C;C;C;C;C;F;F;F;F;F;I;I;I;I;I;L;L;L;L;L;O;O;O;O;O;R;R;R;R;R;U;U;U;U;U;X;X;X;X;X;a;a;a;a;a;d;d;d;d;d;C;C;C;C;C;F;F;F;F;F;I;I;I;I;I;L;L;L;L;L;O;O;O;O;O;R;R;R;R;R;U;U;U;U;U;X;X;X;X;X;a;a;a;a;a;d;d;d;d;d;C;C;C;C;C;F;F;F;F;F;I;I;I;I;I;L;L;L;L;L;O;O;O;O;O;R;R;R;R;R;U;U;U;U;U;X;X;X;X;X;a;a;a;a;a;d;d;d;d;d;C;C;C;C;C;F;F;F;F;F;I;I;I;I;I;L;L;L;L;L;O;O;O;O;O;R;R;R;R;R;U;U;U;U;U;X;X;X;X;X;a;a;a;a;a;d;d;d;d;d,882.0,23525.5,025,0
